eventID,occurrenceID,basisOfRecord,eventDate,kingdom,Order,scientificme,Commonme,taxonRank,individualCount,organismQuantity,organismQuantityType,occurrenceStatus,Latitude N,Longitude W,Pollutionscore,Endlatitude,Endlongitude,geodeticDatum,countryCode,Comments
S3MR,S3MR 1,CameraTrap,11/09/2025,Animalia,Rodentia,Sciurus vulgaris,Red Squirrel,Species,1,1,Individual,Present,N 055°69.919,W 005°28.530,,,,WGS84,SCO,
N2MR,N2MR 1,CameraTrap,10/09/2025,No records,No records,No records,No records,No records,0,0,,Absent,N 055°70.727,W 005°28.102,,,,WGS84,SCO,
S3MR,S3MR 2,CameraTrap,10/09/2025,No records,No records,No records,No records,No records,0,0,,Absent,N 055°69.738,W 005°28.134,,,,WGS84,SCO,
N3MR,N3MR 1,CameraTrap,10/09/2025,No records,No records,No records,No records,No records,0,0,,Absent,N 055°70.760,W 005°27.946,,,,WGS84,SCO,
N1MR,N1MR 1,Humanobservation,09/09/2025,Animalia,Artiodactyla,Cervus elaphus,Red dear,Species,1,1,Individual,Present,N 055°70.738,W 005°27.611,,,,WGS84,SCO,"Many ind, faeces as well"
N1MR,N1MR 2,Humanobservation,09/09/2025,Animalia,Artiodactyla,Ovis sp.,Domestic sheep,Genus,1,1,Individual,Present,N 055°70.426,W 005°27.224,,,,WGS84,SCO,"Few ind, faeces as well"
N2MR,N2MR 2,Humanobservation,10/09/2025,Animalia,Artiodactyla,Cervus elaphus,Red dear,Species,1,1,Individual,Present,N 055°70.534,W 005°26.875,,,,WGS84,SCO,"Many ind, faeces as well"
N2MR,N2MR 3,Humanobservation,10/09/2025,Animalia,Artiodactyla,Ovis sp.,Domestic sheep,Genus,1,1,Individual,Present,N 055°70.583,W 005°26.983,,,,WGS84,SCO,"Few ind, faeces as well"
N2MR,N2MR 4,Humanobservation,11/09/2025,Animalia,Carnivora,Meles meles,Badger,Species,1,1,Individual,Present,N 055°70.731,W 005°27.867,,,,WGS84,SCO,
N3MR,N3MR 2,Humanobservation,12/09/2025,Animalia,Rodentia,Sciurus vulgaris,Red Squirrel,Species,2,2,Individual,Present,N 055°70.328,W 005°27.880,,,,WGS84,SCO,
N3MR,N3MR 3,Humanobservation,12/09/2025,Animalia,Artiodactyla,Cervus elaphus,Red dear,Species,1,1,Individual,Present,N 055°70.528,W 005°28.117,,,,WGS84,SCO,"Many ind, faeces as well"
S1MR,S1MR 1,Humanobservation,11/09/2025,Animalia,Artiodactyla,Cervus elaphus,Red dear,Species,1,1,Faeces,Present,N 055°69.590,W 005°28.581,,,,WGS84,SCO,Just faeces
S2MR,S2MR 1,Humanobservation,10/09/2025,Animalia,Artiodactyla,Cervus elaphus,Red dear,Species,1,1,Individual,Present,N 055°69.755,W 005°28.505,,,,WGS84,SCO,"Few ind, faeces as well"
S3MR,S3MR 3,Humanobservation,12/09/2025,Animalia,Artiodactyla,Ovis sp.,Domestic sheep,Genus,1,1,Individual,Present,N 055°69.893,W 005°28468,,,,WGS84,SCO,"Many ind, faeces as well"
S3MR,S3MR 3,Humanobservation,12/09/2025,Animalia,Artiodactyla,Cervus elaphus,Red dear,Species,1,1,Individual,Present,N 055°69.718,W 005°28258,,,,WGS84,SCO,"Many ind, faeces as well"
N1B,N1B 1,Humanobservation,10/09/2025,Animalia,Vertebrata,Anthus pratensis,Meadow pipit,Species,6,6,Individual,Present,,,,,,,,
S2B,S2B 1,Humanobservation,11/09/2025,Animalia,Vertebrata,falco tinnunculus,Common kestrel,Species,1,1,Individual,Present,,,,,,,,
N3B,N3B 1,Humanobservation,12/09/2025,Animalia,Vertebrata,Columba palumbus,Wood pigeon,Species,3,3,Flock,Present,,,,,,,,
N3B,N3B 2,Humanobservation,12/09/2025,Animalia,Vertebrata,Columba palumbus,Wood pigeon,Species,4,4,Flock,Present,,,,,,,,
N3B,N3B 3,Humanobservation,12/09/2025,Animalia,Vertebrata,Columba palumbus,Wood pigeon,Species,2,2,Flock,Present,,,,,,,,
N3B,N3B 4,Humanobservation,12/09/2025,Animalia,Vertebrata,Columba palumbus,Wood pigeon,Species,1,1,Individual,Present,,,,,,,,
N3B,N3B 5,Humanobservation,12/09/2025,Animalia,Vertebrata,Columba palumbus,Wood pigeon,Species,1,1,Individual,Present,,,,,,,,
N3B,N3B 6,Humanobservation,12/09/2025,Animalia,Vertebrata,Columba palumbus,Wood pigeon,Species,1,1,Individual,Present,,,,,,,,
N3B,N3B 7,Humanobservation,12/09/2025,Animalia,Vertebrata,Columba palumbus,Wood pigeon,Species,1,1,Individual,Present,,,,,,,,
N3B,N3B 8,Humanobservation,12/09/2025,Animalia,Vertebrata,Columba palumbus,Wood pigeon,Species,1,1,Individual,Present,,,,,,,,
N3B,N3B ,Humanobservation,12/09/2025,Animalia,Vertebrata,Columba palumbus,Wood pigeon,Species,2,2,Flock,Present,,,,,,,,
N3B,N3B ,Humanobservation,12/09/2025,Animalia,Vertebrata,Motacilla alba,Pied wagtail,Species,1,1,Individual,Present,,,,,,,,
N3B,N3B ,Humanobservation,12/09/2025,Animalia,Vertebrata,Erithacus rubecula,European robin,Species,1,1,Individual,Present,,,,,,,,
N3B,N3B ,Humanobservation,12/09/2025,Animalia,Vertebrata,Cyanistes caeruleus,Blue tit,Species,1,1,Individual,Present,,,,,,,,
N3B,N3B ,Humanobservation,12/09/2025,Animalia,Vertebrata,Coloeus monedula,Western jackdaw,Species,15,15,Flock,Present,,,,,,,,
N3B,N3B ,Humanobservation,12/09/2025,Animalia,Vertebrata,Turdus spp,Unidentified thrush,Genus,1,1,Flock,Present,,,,,,,,
N3B,N3B ,Humanobservation,12/09/2025,Animalia,Vertebrata,Periparus ater,Coal tit,Species,1,1,Flock,Present,,,,,,,,
N3B OoB,N3B OoB 1,Humanobservation,12/09/2025,Animalia,Vertebrata,Coloeus monedula,Western jackdaw,Species,1,1,Individual,Present,,,,,,,,
N2B,N2B 1,Humanobservation,11/09/2025,Animalia,Vertebrata,Aquila chrysaetos,Golden eagle,Species,1,1,Individual,Present,,,,,,,,
N2B,N2B 2,Humanobservation,11/09/2025,Animalia,Vertebrata,Corvus corone,Carrion crow,Species,2,2,Flock,Present,,,,,,,,
N2B,N2B 3,Humanobservation,11/09/2025,Animalia,Vertebrata,Turdus philomelos,Song thrush,Species,3,3,Flock,Present,,,,,,,,
N2B,N2B 4,Humanobservation,11/09/2025,Animalia,Vertebrata,Unidentified,,Unidentified,1,1,Individual,Present,,,,,,,,
N2B,N2B 5,Humanobservation,11/09/2025,Animalia,Vertebrata,Alauda arvensis,Skylark,Species,2,2,Flock,Present,,,,,,,,
S3B,S3B 1,Humanobservation,12/09/2025,Animalia,Vertebrata,Columba palumbus,Wood pigeon,Species,5,5,Flock,Present,,,,,,,,
S3B,S3B 2,Humanobservation,12/09/2025,Animalia,Vertebrata,Anthus pratensis,Meadow pipit,Species,6,6,Flock,Present,,,,,,,,
S3B,S3B 3,Humanobservation,12/09/2025,Animalia,Vertebrata,Corvus corax,Common raven,Species,2,2,Flock,Present,,,,,,,,
S3B,S3B 4,Humanobservation,12/09/2025,Animalia,Vertebrata,Turdus philomelos,Song thrush,Species,1,1,Individual,Present,,,,,,,,
NB I,NB I 1,Humanobservation,11/09/2025,Animalia,Vertebrata,Alauda arvensis,Skylark,Species,1,1,Individual,Present,,,,,,,,
NB I,NB I 2,Humanobservation,11/09/2025,Animalia,Vertebrata,Falco tinnunculus,Common kestrel,Species,1,1,Individual,Present,,,,,,,,
S2B OoB,S2B OoB 1,Humanobservation,11/09/2025,Animalia,Vertebrata,Aquila chrysaetos,Golden eagle,Species,1,1,Individual,Present,,,,,,,,
S2B OoB,S2B OoB 2,HumanobservationCall,11/09/2025,Animalia,Vertebrata,Troglodytes troglodytes,Eurasion wren,Species,1,1,Individual,Present,,,,,,,,
S2B OoB,S2B OoB 3,HumanobservationCall,11/09/2025,Animalia,Vertebrata,Troglodytes troglodytes,Eurasion wren,Species,2,2,Flock,Present,,,,,,,,
S2B OoB,S2B OoB 3,HumanobservationCall,11/09/2025,Animalia,Vertebrata,Erithacus rubecula,European robin,Species,1,1,Individual,Present,,,,,,,,
N1B OoB,N1B OoB 1,Humanobservation,10/09/2025,Animalia,Vertebrata,Aquila chrysaetos,Golden eagle,Species,2,2,Flock,Present,,,,,,,,
N1B OoB,N1B OoB 2,Humanobservation,10/09/2025,Animalia,Vertebrata,Aquila chrysaetos,Golden eagle,Species,1,1,Individual,Present,,,,,,,,
S1B,S1B 1,Humanobservation,10/09/2025,Animalia,Vertebrata,Aquila chrysaetos,Golden eagle,Species,1,1,Individual,Present,,,,,,,,
S1B,S1B 2,Humanobservation,10/09/2025,Animalia,Vertebrata,Corvus corax,Common raven,Species,2,2,Flock,Present,,,,,,,,
S1B,S1B 3,Humanobservation,10/09/2025,Animalia,Vertebrata,Anthus pratensis,Meadow pipit,Species,2,2,Flock,Present,,,,,,,,
S1B,S1B 4,Humanobservation,10/09/2025,Animalia,Vertebrata,Certhia familiaris,Treecreeper,Species,1,1,Individual,Present,,,,,,,,
S1B,S1B 5,Humanobservation,10/09/2025,Animalia,Vertebrata,Troglodytes troglodytes,Eurasion wren,Species,2,2,Flock,Present,,,,,,,,
S1B,S1B 6,Humanobservation,10/09/2025,Animalia,Vertebrata,Aegithalos caudatus,Long tailed tit,Species,1,1,Individual,Present,,,,,,,,
SIB OoB,S1B OoB 1,HumanobservationCall,10/09/2025,,,,Nest,,3,3,,,,,,,,,,
SIB OoB,S1B OoB 2,HumanobservationCall,10/09/2025,Animalia,Vertebrata,Anthus pratensis,Meadow pipit,Species,1,1,Individual,Present,,,,,,,,
S3CR A,S3CR A1,Audiomoth,45909,Animalia,Chiroptera,Pipistrellus nathusii,Nathusius' pipistrelle,Species,1,1,N/A,Present,N55 41.9613,W005 170867,,N/A,N/A,WGS84,GB,
S3CR A,S3CR A2,Audiomoth,45909,Animalia,Chiroptera,Pipistrellus pipistrellus,Common pipistrelle,Species,1,1,N/A,Present,N55 41.9613,W005 170867,,N/A,N/A,WGS84,GB,
S3CR A,S3CR A3,Audiomoth,45909,Animalia,Chiroptera,Pipistrellus pygmaeus,Soprano pipistrelle,Species,1,1,N/A,Present,N55 41.9613,W005 170867,,N/A,N/A,WGS84,GB,
N3CR A,N3CR A1,Audiomoth,45909,Animalia,Chiroptera,Pipistrellus pipistrellus,Common pipistrelle,Species,1,1,N/A,Present,N55 42.4494,W005 170579,,N/A,N/A,WGS84,GB,
S3CR B,S3CR B1,Audiomoth,45910,Animalia,Chiroptera,Nyctalus leisleri,Lesser noctule,Species,1,1,N/A,Present,N55 41.9613,W005 170867,,N/A,N/A,WGS84,GB,
S3CR B,S3CR B2,Audiomoth,45910,Animalia,Chiroptera,Pipistrellus pipistrellus,Common pipistrelle,Species,1,1,N/A,Present,N55 41.9613,W005 170867,,N/A,N/A,WGS84,GB,
S3CR B,S3CR B3,Audiomoth,45910,Animalia,Chiroptera,Pipistrellus pygmaeus,Soprano pipistrelle,Species,1,1,N/A,Present,N55 41.9613,W005 170867,,N/A,N/A,WGS84,GB,
S2CR A,S2CR A1,Audiomoth,45910,Animalia,Chiroptera,Nyctalus leisleri,Lesser noctule,Species,1,1,N/A,Present,N55 41.945,W005 17.102,,N/A,N/A,WGS84,GB,
S2CR A,S2CR A2,Audiomoth,45910,Animalia,Chiroptera,Pipistrellus nathusii,Nathusius' pipistrelle,Species,1,1,N/A,Present,N55 41.945,W005 17.102,,N/A,N/A,WGS84,GB,
S2CR A,S2CR A3,Audiomoth,45910,Animalia,Chiroptera,Pipistrellus pipistrellus,Common pipistrelle,Species,1,1,N/A,Present,N55 41.945,W005 17.102,,N/A,N/A,WGS84,GB,
S2CR B,S2CR B1,Audiomoth,45910,Animalia,Chiroptera,Pipistrellus nathusii,Nathusius' pipistrelle,Species,1,1,N/A,Present,N55 41.791,W005 17.028,,N/A,N/A,WGS84,GB,
S2CR B,S2CR B2,Audiomoth,45910,Animalia,Chiroptera,Pipistrellus pipistrellus,Common pipistrelle,Species,1,1,N/A,Present,N55 41.791,W005 17.028,,N/A,N/A,WGS84,GB,
S2CR B,S2CR B3,Audiomoth,45910,Animalia,Chiroptera,Pipistrellus pygmaeus,Soprano pipistrelle,Species,1,1,N/A,Present,N55 41.791,W005 17.028,,N/A,N/A,WGS84,GB,
S2CR B,S2CR B4,Audiomoth,45910,Animalia,Chiroptera,Plecotus auritus,Brown long-eared bat,Species,1,1,N/A,Present,N55 41.791,W005 17.028,,N/A,N/A,WGS84,GB,
N2CR A,N2CR A1,Audiomoth,45910,Animalia,Chiroptera,Pipistrellus pygmaeus,Soprano pipistrelle,Species,1,1,N/A,Present,N55 42.4563,W005 16.7708,,N/A,N/A,WGS84,GB,
N2CR A,N2CR A2,Audiomoth,45910,Animalia,Chiroptera,Pipistrellus pipistrellus,Common pipistrelle,Species,1,1,N/A,Present,N55 42.4563,W005 16.7708,,N/A,N/A,WGS84,GB,
N1CR C,N1CR C1,Audiomoth,45911,Animalia,Chiroptera,Pipistrellus pygmaeus,Soprano pipistrelle,Species,1,1,N/A,Present,N55 42.4782,W005 16.5820,,N/A,N/A,WGS84,GB,
N2CR A,N2CR A1,Audiomoth,09/09/2025,Animalia,Chiroptera,Pipistrellus pipistrellus,Common pipistrelle,Species,1,1,N/A,Present,N55 42.1536,W005 16.1095,,N/A,N/A,WGS84,GB,
N2CR A,N2CR A2,Audiomoth,09/09/2025,Animalia,Chiroptera,Pipistrellus pygmaeus,Soprano pipistrelle,Species,1,1,N/A,Present,N55 42.1536,W005 16.1095,,N/A,N/A,WGS84,GB,
N1CR B,N1CR B1,Audiomoth,11/09/2025,Animalia,Chiroptera,Pipistrellus pygmaeus,Soprano pipistrelle,Species,1,1,N/A,Present,N55 42.5095,W005 16.3155,,N/A,N/A,WGS84,GB,
S3CR C,S3CR B1,Audiomoth,09/09/2025,Animalia,Chiroptera,Pipistrellus nathusii,Nathusius' pipistrelle,Species,1,1,N/A,Present,?,?,,N/A,N/A,WGS84,GB,
S3CR C,S3CR B2,Audiomoth,09/09/2025,Animalia,Chiroptera,Pipistrellus pipistrellus,Common pipistrelle,Species,1,1,N/A,Present,?,?,,N/A,N/A,WGS84,GB,
S3TIN A,S3TIN A1,Human observation ,10/09/2025,Animalia,Diptera,Diptera,Fly,Order,2,2,Individual,Present,N55 42.027,W005 17.134,,,,WGS84,GB,
S3TIN A,S3TIN A2,Human observation ,10/09/2025,Animalia,Ixodida,Ixodoidea,Tick,Family,2,2,Individual,Present,N55 42.027,W005 17.134,,,,WGS84,GB,
S3TIN A,S3TIN A3,Human observation ,10/09/2025,Animalia,Araneae,Araneae,Spider,Order,1,1,Individual,Present,N55 42.027,W005 17.134,,,,WGS84,GB,
S3TIN B,S3TIN B1,Human observation ,10/09/2025,Animalia,Diptera,Diptera,Fly,Order,3,3,Individual,Present,N55 42.003,W005 17.094,,,,WGS84,GB,
S3TIN B,S3TIN B2,Human observation ,10/09/2025,Animalia,Diptera,Diptera,Fly,Order,1,1,Individual,Present,N55 42.003,W005 17.094,,,,WGS84,GB,
S3TIN B,S3TIN B3,Human observation ,10/09/2025,Animalia,Ixodida,Ixodoidea,Tick,Family,2,2,Individual,Present,N55 42.003,W005 17.094,,,,WGS84,GB,
S3TIN B,S3TIN B4,Human observation ,10/09/2025,Animalia,Araneae,Linyphiidae,Money spider,Family,1,1,Individual,Present,N55 42.003,W005 17.094,,,,WGS84,GB,
S3TIN C,S3TIN C1,Human observation ,10/09/2025,Animalia,Ixodida,Ixodoidea,Tick,Family,2,2,Individual,Present,N55 41.979,W005 17.065,,,,WGS84,GB,
S3TIN C,S3TIN C2,Human observation ,10/09/2025,Animalia,Diptera,Diptera,Fly,Order,1,1,Individual,Present,N55 41.979,W005 17.065,,,,WGS84,GB,
S3TIN C,S3TIN C3,Human observation ,10/09/2025,Animalia,Araneae,Araneae,Spider,Order,2,2,Individual,Present,N55 41.979,W005 17.065,,,,WGS84,GB,
S3TIN C,S3TIN C4,Human observation ,10/09/2025,Animalia,Hemiptera,Hemiptera,True bug,Order,1,1,Individual,Present,N55 41.979,W005 17.065,,,,WGS84,GB,
S3TIN D,S3TIN D1,Human observation ,10/09/2025,Animalia,Hemiptera,Hemiptera,True bug,Order,1,1,Individual,Present,N55 41.949,W005 17.042,,,,WGS84,GB,
S3TIN D,S3TIN D2,Human observation ,10/09/2025,Animalia,Araneae,Araneae,Spider,Order,1,1,Individual,Present,N55 41.949,W005 17.042,,,,WGS84,GB,
S3TIN D,S3TIN D3,Human observation ,10/09/2025,Animalia,Diptera,Diptera,Fly,Order,2,2,Individual,Present,N55 41.949,W005 17.042,,,,WGS84,GB,
S3TIN E,S3TIN E1,Human observation ,10/09/2025,Animalia,Diptera,Diptera,Fly,Order,4,4,Individual,Present,N55 41.922,W005 17.005,,,,WGS84,GB,
S3TIN E,S3TIN E2,Human observation ,10/09/2025,Animalia,Diptera,Diptera,Fly,Order,1,1,Individual,Present,N55 41.922,W005 17.005,,,,WGS84,GB,
S3TIN E,S3TIN E3,Human observation ,10/09/2025,Animalia,Homoptera,Homoptera,Insect,Order,3,3,Individual,Present,N55 41.922,W005 17.005,,,,WGS84,GB,
S3TIN E,S3TIN E4,Human observation ,10/09/2025,Animalia,Araneae,Araneae,Spider,Order,1,1,Individual,Present,N55 41.922,W005 17.005,,,,WGS84,GB,
S3TIN E,S3TIN E5,Human observation ,10/09/2025,Animalia,Araneae,Araneae,Spider,Order,1,1,Individual,Present,N55 41.922,W005 17.005,,,,WGS84,GB,
S3TIN E,S3TIN E6,Human observation ,10/09/2025,Animalia,Hymenoptera,Formicidae,Ant,Family,1,1,Individual,Present,N55 41.922,W005 17.005,,,,WGS84,GB,
S3TIN F,S3TIN F1,Human observation ,10/09/2025,Animalia,Ixodida,Ixodoidea,Tick,Family,1,1,Individual,Present,N55 41.902,W005 16.956,,,,WGS84,GB,
S3TIN F,S3TIN F2,Human observation ,10/09/2025,Animalia,Homoptera,Homoptera,Insect,Order,2,2,Individual,Present,N55 41.902,W005 16.956,,,,WGS84,GB,
S3TIN F,S3TIN F3,Human observation ,10/09/2025,Animalia,Araneae,Araneae,Spider,Order,2,2,Individual,Present,N55 41.902,W005 16.956,,,,WGS84,GB,
S3TIN F,S3TIN F4,Human observation ,10/09/2025,Animalia,Araneae,Araneae,Spider,Order,1,1,Individual,Present,N55 41.902,W005 16.956,,,,WGS84,GB,
S3TIN F,S3TIN F5,Human observation ,10/09/2025,Animalia,Araneae,Araneae,Spider,Order,1,1,Individual,Present,N55 41.902,W005 16.956,,,,WGS84,GB,
S3TIN F,S3TIN F6,Human observation ,10/09/2025,Animalia,Diptera,Diptera,Fly,Order,3,3,Individual,Present,N55 41.902,W005 16.956,,,,WGS84,GB,
S3TIN G,S3TIN G1,Human observation ,10/09/2025,Animalia,Hymenoptera,Formicidae,Ant,Family,1,1,Individual,Present,N55 41.907,W005 16.884,,,,WGS84,GB,
S3TIN G,S3TIN G2,Human observation ,10/09/2025,Animalia,Ixodida,Ixodoidea,Tick,Family,2,2,Individual,Present,N55 41.907,W005 16.884,,,,WGS84,GB,
S3TIN G,S3TIN G3,Human observation ,10/09/2025,Animalia,Diptera,Diptera,Fly,Order,2,2,Individual,Present,N55 41.907,W005 16.884,,,,WGS84,GB,
S3TIN G,S3TIN G4,Human observation ,10/09/2025,Animalia,Diptera,Diptera,Fly,Order,1,1,Individual,Present,N55 41.907,W005 16.884,,,,WGS84,GB,
S3TIN G,S3TIN G5,Human observation ,10/09/2025,Animalia,Homoptera,Homoptera,Insect,Order,2,2,Individual,Present,N55 41.907,W005 16.884,,,,WGS84,GB,
S3TIN G,S3TIN G6,Human observation ,10/09/2025,Animalia,Araneae,Leiobunum rotundum,Harverstman spider,Species,1,1,Individual,Present,N55 41.907,W005 16.884,,,,WGS84,GB,
S3TIN H,S3TIN H1,Human observation ,10/09/2025,Animalia,Araneae,Araneae,Spider,Order,1,1,Individual,Present,N55 41.862,W005 16.861,,,,WGS84,GB,
S3TIN H,S3TIN H2,Human observation ,10/09/2025,Animalia,Homoptera,Homoptera,Insect,Order,1,1,Individual,Present,N55 41.862,W005 16.861,,,,WGS84,GB,
S3TIN I,S3TIN I1,Human observation ,10/09/2025,Animalia,Ixodida,Ixodoidea,Tick,Family,2,2,Individual,Present,N55 41.843,W005 16.821,,,,WGS84,GB,
S3TIN I,S3TIN I2,Human observation ,10/09/2025,Animalia,Araneae,Linyphiidae,Money spider,Family,2,2,Individual,Present,N55 41.843,W005 16.821,,,,WGS84,GB,
S3TIN I,S3TIN I3,Human observation ,10/09/2025,Animalia,Lepidoptera,Lepidoptera,Caterpillar,Order,1,1,Individual,Present,N55 41.843,W005 16.821,,,,WGS84,GB,
S3TIN J,S3TIN J1,Human observation ,10/09/2025,Animalia,Homoptera,Homoptera,Insect,Order,3,3,Individual,Present,N55 41.828,W005 16.810,,,,WGS84,GB,
S2TIP C,S2TIP C1,Human observation ,10/09/2025,Animalia,Coleoptera,Anoplotrupes stercorosus,Dor beetle,Species,1,1,Individual,Present,N55 41.914,W005 17.203,,,,WGS84,GB,
S2TIN A,S2TIN A1,Human observation ,11/09/2025,Animalia,Ixodida,Ixodoidea,Tick,Family,11,11,Individual,Present,N55 41.935,W005 17.240,,,,WGS84,GB,
S2TIN A,S2TIN A2,Human observation ,11/09/2025,Animalia,Araneae,Araneae,Spider,Order,1,1,Individual,Present,N55 41.935,W005 17.240,,,,WGS84,GB,
S2TIN B,S2TIN B1,Human observation ,11/09/2025,Animalia,Ixodida,Ixodoidea,Tick,Family,13,13,Individual,Present,N55 41.924,W005 17.220,,,,WGS84,GB,
S2TIN B,S2TIN B2,Human observation ,11/09/2025,Animalia,Homoptera,Homoptera,Insect,Order,1,1,Individual,Present,N55 41.924,W005 17.220,,,,WGS84,GB,
S2TIN B,S2TIN B3,Human observation ,11/09/2025,Animalia,Lepidoptera,Lepidoptera,Caterpillar,Order,2,2,Individual,Present,N55 41.924,W005 17.220,,,,WGS84,GB,
S2TIN C,S2TIN C1,Human observation ,11/09/2025,Animalia,Ixodida,Ixodoidea,Tick,Family,19,19,Individual,Present,N55 41.914,W005 17.203,,,,WGS84,GB,
S2TIN C,S2TIN C2,Human observation ,11/09/2025,Animalia,Araneae,Araneae,Spider,Order,1,1,Individual,Present,N55 41.914,W005 17.203,,,,WGS84,GB,
S2TIN D,S2TIN D1,Human observation ,11/09/2025,Animalia,Ixodida,Ixodoidea,Tick,Family,48,48,Individual,Present,N55 41.894,W005 17.194,,,,WGS84,GB,
S2TIN D,S2TIN D2,Human observation ,11/09/2025,Animalia,Hemiptera,Hemiptera,True bug,Order,1,1,Individual,Present,N55 41.894,W005 17.194,,,,WGS84,GB,
S2TIN D,S2TIN D3,Human observation ,11/09/2025,Animalia,Hemiptera,Hemiptera,True bug,Order,1,1,Individual,Present,N55 41.894,W005 17.194,,,,WGS84,GB,
S2TIN E,S2TIN E1,Human observation ,11/09/2025,Animalia,Ixodida,Ixodoidea,Tick,Family,25,25,Individual,Present,N55 41.881,W005 17.177,,,,WGS84,GB,
S2TIN E,S2TIN E2,Human observation ,11/09/2025,Animalia,Diptera,Diptera,Fly,Order,1,1,Individual,Present,N55 41.881,W005 17.177,,,,WGS84,GB,
S2TIN E,S2TIN E3,Human observation ,11/09/2025,Animalia,Hemiptera,Hemiptera,True bug,Order,1,1,Individual,Present,N55 41.881,W005 17.177,,,,WGS84,GB,
S2TIN E,S2TIN E4,Human observation ,11/09/2025,Animalia,Homoptera,Homoptera,Insect,Order,4,4,Individual,Present,N55 41.881,W005 17.177,,,,WGS84,GB,
S2TIN F,S2TIN F1,Human observation ,11/09/2025,Animalia,Araneae,Araneae,Spider,Order,1,1,Individual,Present,N55 41.867,W005 17.160,,,,WGS84,GB,
S2TIN G,S2TIN G1,Human observation ,11/09/2025,Animalia,Araneae,Araneae,Spider,Order,2,2,Individual,Present,N55 41.857,W005 17.140,,,,WGS84,GB,
S2TIN G,S2TIN G2,Human observation ,11/09/2025,Animalia,Diptera,Diptera,Fly,Order,1,1,Individual,Present,N55 41.857,W005 17.140,,,,WGS84,GB,
S2TIN H,S2TIN H1,Human observation ,11/09/2025,Animalia,Hemiptera,Hemiptera,True bug,Order,1,1,Individual,Present,N55 41.843,W005 17.134,,,,WGS84,GB,
S2TIN H,S2TIN H2,Human observation ,11/09/2025,Animalia,Araneae,Araneae,Spider,Order,3,3,Individual,Present,N55 41.843,W005 17.134,,,,WGS84,GB,
S2TIN I,S2TIN I1,Human observation ,11/09/2025,Animalia,Ixodida,Ixodoidea,Tick,Family,5,5,Individual,Present,N55 41.828,W005 17.120,,,,WGS84,GB,
S2TIN J,S2TIN J1,Human observation ,11/09/2025,Animalia,Hemiptera,Hemiptera,True bug,Order,1,1,Individual,Present,N55 41.817,W005 17.100,,,,WGS84,GB,
S2TIN J,S2TIN J2,Human observation ,11/09/2025,Animalia,Diptera,Diptera,Fly,Order,1,1,Individual,Present,N55 41.817,W005 17.100,,,,WGS84,GB,
S1TIN A,S1TIN A1,Human observation ,11/09/2025,Animalia,Araneae,Araneae,Spider,Order,2,2,Individual,Present,N55 41.870,W005 17.278,,,,WGS84,GB,
S1TIN A,S1TIN A2,Human observation ,11/09/2025,Animalia,Ixodida,Ixodoidea,Tick,Family,4,4,Individual,Present,N55 41.870,W005 17.278,,,,WGS84,GB,
S1TIN A,S1TIN A3,Human observation ,11/09/2025,Animalia,Coleoptera,Geotrupes stercorarius,Dor beetle,Species,1,1,Individual,Present,N55 41.870,W005 17.278,,,,WGS84,GB,
S1TIN A,S1TIN A4,Human observation ,11/09/2025,Animalia,Lepidoptera,Lepidoptera,Caterpillar,Order,1,1,Individual,Present,N55 41.870,W005 17.278,,,,WGS84,GB,
S1TIN A,S1TIN A5,Human observation ,11/09/2025,Animalia,Lepidoptera,Euthrix potatoria,Drinker moth,Species,1,1,Individual,Present,N55 41.870,W005 17.278,,,,WGS84,GB,
S1TIN B,S1TIN B1,Human observation ,11/09/2025,Animalia,Ixodida,Ixodoidea,Tick,Family,20,20,Individual,Present,N55 41.857,W005 17.272,,,,WGS84,GB,
S1TIN B,S1TIN B2,Human observation ,11/09/2025,Animalia,Araneae,Araneae,Spider,Order,1,1,Individual,Present,N55 41.857,W005 17.272,,,,WGS84,GB,
S1TIN B,S1TIN B3,Human observation ,11/09/2025,Animalia,Araneae,Araneae,Spider,Order,1,1,Individual,Present,N55 41.857,W005 17.272,,,,WGS84,GB,
S1TIN B,S1TIN B4,Human observation ,11/09/2025,Animalia,Araneae,Araneae,Spider,Order,1,1,Individual,Present,N55 41.857,W005 17.272,,,,WGS84,GB,
S1TIN B,S1TIN B5,Human observation ,11/09/2025,Animalia,Hemiptera,Aphididae,Aphid,Family,1,1,Individual,Present,N55 41.857,W005 17.272,,,,WGS84,GB,
S1TIN C,S1TIN C1,Human observation ,11/09/2025,Animalia,Araneae,Araneae,Spider,Order,1,1,Individual,Present,N55 41.839,W005 17.280,,,,WGS84,GB,
S1TIN C,S1TIN C2,Human observation ,11/09/2025,Animalia,Ixodida,Ixodoidea,Tick,Family,1,1,Individual,Present,N55 41.839,W005 17.280,,,,WGS84,GB,
S1TIN C,S1TIN C3,Human observation ,11/09/2025,Animalia,Hymenoptera,Formicidae,Ant,Family,1,1,Individual,Present,N55 41.839,W005 17.280,,,,WGS84,GB,
S1TIN C,S1TIN C4,Human observation ,11/09/2025,Animalia,Hymenoptera,Formicidae,Ant,Family,1,1,Individual,Present,N55 41.839,W005 17.280,,,,WGS84,GB,
S1TIN D,S1TIN D1,Human observation ,11/09/2025,Animalia,Araneae,Araneae,Spider,Order,1,1,Individual,Present,N55 41.825,W005 17.275,,,,WGS84,GB,
S1TIN D,S1TIN D2,Human observation ,11/09/2025,Animalia,Araneae,Araneae,Spider,Order,1,1,Individual,Present,N55 41.825,W005 17.275,,,,WGS84,GB,
S1TIN E,S1TIN E1,Human observation ,11/09/2025,Animalia,Ixodida,Ixodoidea,Tick,Family,1,1,Individual,Present,N55 41.809,W005 17.269,,,,WGS84,GB,
S1TIN F,S1TIN F1,Human observation ,11/09/2025,Animalia,Ixodida,Ixodoidea,Tick,Family,4,4,Individual,Present,N55 41.793,W005 17.255,,,,WGS84,GB,
S1TIN F,S1TIN F2,Human observation ,11/09/2025,Animalia,Hymenoptera,Formicidae,Ant,Family,1,1,Individual,Present,N55 41.793,W005 17.255,,,,WGS84,GB,
S1TIN F,S1TIN F3,Human observation ,11/09/2025,Animalia,Araneae,Araneae,Spider,Order,1,1,Individual,Present,N55 41.793,W005 17.255,,,,WGS84,GB,
S1TIN F,S1TIN F4,Human observation ,11/09/2025,Animalia,Thysanoptera,Thysanoptera,Thrip,Order,1,1,Individual,Present,N55 41.793,W005 17.255,,,,WGS84,GB,
S1TIN F,S1TIN F5,Human observation ,11/09/2025,Animalia,Diptera,Tipuloidea,Crane fly,Family,1,1,Individual,Present,N55 41.793,W005 17.255,,,,WGS84,GB,
S1TIN G,S1TIN G1,Human observation ,11/09/2025,Animalia,Araneae,Araneae,Spider,Order,2,2,Individual,Present,N55 41.778,W005 17.249,,,,WGS84,GB,
S1TIN H,S1TIN H1,Human observation ,11/09/2025,Animalia,Ixodida,Ixodoidea,Tick,Family,3,3,Individual,Present,N55 41.763,W005 17.235,,,,WGS84,GB,
S1TIN H,S1TIN H2,Human observation ,11/09/2025,Animalia,Araneae,Araneae,Spider,Order,1,1,Individual,Present,N55 41.763,W005 17.235,,,,WGS84,GB,
S1TIN H,S1TIN H3,Human observation ,11/09/2025,Animalia,Homoptera,Homoptera,Insect,Order,2,2,Individual,Present,N55 41.763,W005 17.235,,,,WGS84,GB,
S1TIN H,S1TIN H4,Human observation ,11/09/2025,Animalia,Hemiptera,Hemiptera,True bug,Order,1,1,Individual,Present,N55 41.763,W005 17.235,,,,WGS84,GB,
N2TIN J,N2TIP J1,Human observation ,10/09/2025,Animalia,Coleoptera,Calathus fuscipes,Ground Beetle,Family,7,7,Individual,Present,N55 42.143,W005 16.419,,,,WGS84,GB,
N2TIN D,N2TIN D1,Human observation ,11/09/2025,Animalia,Hemiptera,Hemiptera,True bug,Order,5,5,Individual,Present,N55 42.219,W005 16.534,,,,WGS84,GB,
N2TIN D,N2TIN D2,Human observation ,11/09/2025,Animalia,Diptera,Diptera,Fly,Order,2,2,Individual,Present,N55 42.219,W005 16.534,,,,WGS84,GB,
N2TIN F,N2TIN F1,Human observation ,11/09/2025,Animalia,Hemiptera,Hemiptera,True bug,Order,1,1,Individual,Present,N55 42.198,W005 16.488,,,,WGS84,GB,
N2TIN F,N2TIN F2,Human observation ,11/09/2025,Animalia,Hemiptera,Aphididae,Aphid,Family,1,1,Individual,Present,N55 42.198,W005 16.488,,,,WGS84,GB,
N2TIN F,N2TIN F3,Human observation ,11/09/2025,Animalia,Hymenoptera,Formicidae,Ant,Family,1,1,Individual,Present,N55 42.198,W005 16.488,,,,WGS84,GB,
N2TIN G,N2TIN G1,Human observation ,11/09/2025,Animalia,Hymenoptera,Formicidae,Ant,Family,1,1,Individual,Present,N55 42.185,W005 16.468,,,,WGS84,GB,
N2TIN I,N2TIN I1,Human observation ,11/09/2025,Animalia,Ixodida,Ixodoidea,Tick,Family,6,6,Individual,Present,N55 42.161,W005 16.431,,,,WGS84,GB,
N1TIN F,N1TIN F1,Human observation ,11/09/2025,Animalia,Hemiptera,Hemiptera,True bug,Order,1,1,Individual,Present,N55 42.295,W005 16.471,,,,WGS84,GB,
N3TIT E,N3TIT E1,Human observation,09/09/2025,Animalia ,Lepidoptera ,Aporophyla nigra ,Black rustic ,Species ,3,3,Individual,Present ,N55 42.203,W005 16.683,,,,WGS84,GB,
N3TIT E,N3TIT E2,Human observation,09/09/2025,Animalia ,Lepidoptera ,Xestia xanthographa ,Square spot rustic ,Species ,3,3,Individual,Present ,N55 42.203,W005 16.683,,,,WGS84,GB,
N3TIT E,N3TIT E3,Human observation,09/09/2025,Animalia ,Lepidoptera ,Geometridae,Larval geometrid,Species ,1,1,Individual,Present ,N55 42.203,W005 16.683,,,,WGS84,GB,
N3TIT E,N3TIT E4,Human observation,09/09/2025,Animalia ,Diptera,Tipula oleracea ,Marsh crane fly ,Species ,2,2,Individual,Present ,N55 42.203,W005 16.683,,,,WGS84,GB,
N3TIT E,N3TIT E5,Human observation,09/09/2025,Animalia ,Lepidoptera ,Noctua pronuba ,Large yellow underwing,Species ,1,1,Individual,Present ,N55 42.203,W005 16.683,,,,WGS84,GB,
N3TIT E,N3TIT E6,Human observation,09/09/2025,Animalia ,Lepidoptera ,Paradiarsia glareosa ,Autuml rustic ,Species ,1,1,Individual,Present ,N55 42.203,W005 16.683,,,,WGS84,GB,
N3TIT E,N3TIT E7,Human observation,09/09/2025,Animalia ,Lepidoptera ,Xestia agathi ,Heath rustic ,Species ,1,1,Individual,Present ,N55 42.203,W005 16.683,,,,WGS84,GB,
N3TIT E,N3TIT E8,Human observation,09/09/2025,Animalia ,Lepidoptera ,Blastobasis lacticolella,Large pale masoner ,Species ,1,1,Individual,Present ,N55 42.203,W005 16.683,,,,WGS84,GB,
N3TIT E,N3TIT E9,Human observation,09/09/2025,Animalia ,Lepidoptera ,Stilbia anomala,The anomalous,Species ,1,1,Individual,Present ,N55 42.203,W005 16.683,,,,WGS84,GB,
S3TIT E,S3TIT E1,Human observation,09/09/2025,Animalia ,Lepidoptera ,Denticucullus pygmi,Small wainscot,Species ,2,2,Individual,Present ,N55 41.922,W005 17.005,,,,WGS84,GB,
S3TIT E,S3TIT E2,Human observation,09/09/2025,Animalia ,Diptera,Tipula paludosa,European crane fly,Species ,2,2,Individual,Present ,N55 41.922,W005 17.005,,,,WGS84,GB,
S3TIT E,S3TIT E3,Human observation,09/09/2025,Animalia ,Lepidoptera ,Xestia castanea,Neglected rustic,Species ,1,1,Individual,Present ,N55 41.922,W005 17.005,,,,WGS84,GB,
S3TIT E,S3TIT E4,Human observation,09/09/2025,Animalia ,Trichoptera ,Limnephilus lutus,Caddis fly,Species ,2,2,Individual,Present ,N55 41.922,W005 17.005,,,,WGS84,GB,
S3TIT E,S3TIT E5,Human observation,09/09/2025,Animalia ,Lepidoptera ,Dysstroma truncata,Common marbled carpet,Species ,1,1,Individual,Present ,N55 41.922,W005 17.005,,,,WGS84,GB,
S3TIT E,S3TIT E6,Human observation,09/09/2025,Animalia ,Ixodida,Ixodes ricinus,Sheep tick ,Species ,1,1,Individual,Present ,N55 41.922,W005 17.005,,,,WGS84,GB,
S3TIT E,S3TIT E7,Human observation,09/09/2025,Animalia ,Julida,Tachypodoiulus niger,White legged ske millipede,Species ,1,1,Individual,Present ,N55 41.922,W005 17.005,,,,WGS84,GB,
S3TIT A,S3TIT A1,Human observation,10/09/2025,Animalia ,Lepidoptera ,Xestia xanthographa ,Square spot rustic ,Species ,12,12,Individual,Present ,N55 42.027,W005 17.134,,,,WGS84,GB,
S3TIT A,S3TIT A2,Human observation,10/09/2025,Animalia ,Lepidoptera ,Colostygia pectitaria,Green carpet moth,Species ,3,3,Individual,Present ,N55 42.027,W005 17.134,,,,WGS84,GB,
S3TIT A,S3TIT A3,Human observation,10/09/2025,Animalia ,Lepidoptera ,Xestia agathi ,Heath rustic ,Species ,1,1,Individual,Present ,N55 42.027,W005 17.134,,,,WGS84,GB,
S3TIT A,S3TIT A4,Human observation,10/09/2025,Animalia ,Lepidoptera ,Conistra vaccinii,Chestnut moth,Species ,1,1,Individual,Present ,N55 42.027,W005 17.134,,,,WGS84,GB,
S3TIT A,S3TIT A5,Human observation,10/09/2025,Animalia ,Lepidoptera ,Xanthia togata,Pink barred sallow moth,Species ,1,1,Individual,Present ,N55 42.027,W005 17.134,,,,WGS84,GB,
S3TIT A,S3TIT A6,Human observation,10/09/2025,Animalia ,Lepidoptera ,Denticucullus pygmi,Small wainscot,Species ,1,1,Individual,Present ,N55 42.027,W005 17.134,,,,WGS84,GB,
S3TIT A,S3TIT A7,Human observation,10/09/2025,Animalia ,Lepidoptera ,Clubio Latreille,Leaf curling sac spiders,Species ,1,1,Individual,Present ,N55 42.027,W005 17.134,,,,WGS84,GB,
S3TIT A,S3TIT A8,Human observation,10/09/2025,Animalia ,Lepidoptera ,Dysstroma truncata,Common marbled carpet,Species ,1,1,Individual,Present ,N55 42.027,W005 17.134,,,,WGS84,GB,
S3TIT A,S3TIT A9,Human observation,10/09/2025,Animalia ,Diptera,Sciaridae,Dark winged fungus gts ,Family,1,1,Individual,Present ,N55 42.027,W005 17.134,,,,WGS84,GB,
S3TIT A,S3TIT A10,Human observation,10/09/2025,Animalia ,Trichoptera ,Limnephilus lutus,Cinmon sedge caddisfly,Species ,1,1,Individual,Present ,N55 42.027,W005 17.134,,,,WGS84,GB,
S3TIT A,S3TIT A11,Human observation,10/09/2025,Animalia ,Diptera,Tipula rufi,Crane fly ,Species ,2,2,Individual,Present ,N55 42.027,W005 17.134,,,,WGS84,GB,
S3TIT A,S3TIT A12,Human observation,10/09/2025,Animalia ,Diptera,Tipula paludosa/oleracea,Crane fly,Order,10,10,Individual,Present ,N55 42.027,W005 17.134,,,,WGS84,GB,
S3TIT A,S3TIT A13,Human observation,10/09/2025,Animalia ,Diptera,Tipula paludosa ,European crane fly,Species ,1,1,Individual,Present ,N55 42.027,W005 17.134,,,,WGS84,GB,
S3TIT A,S3TIT A14,Human observation,10/09/2025,Animalia ,Diptera,Tipula oleracea ,Marsh crane fly ,Species ,1,1,Individual,Present ,N55 42.027,W005 17.134,,,,WGS84,GB,
N3TIT A,N3TIT A1,Human observation,10/09/2025,Animalia ,Lepidoptera ,Standfussia lucernea,Northern rustic ,Species ,1,1,Individual,Present ,N55 42.253,W005 16.755,,,,WGS84,GB,
N3TIT A,N3TIT A2,Human observation,10/09/2025,Animalia ,Lepidoptera ,Denticucullus pygmi,Small wainscot,Species ,2,2,Individual,Present ,N55 42.253,W005 16.755,,,,WGS84,GB,
N3TIT A,N3TIT A3,Human observation,10/09/2025,Animalia ,Lepidoptera ,Xestia xanthographa ,Square spot rustic ,Species ,2,2,Individual,Present ,N55 42.253,W005 16.755,,,,WGS84,GB,
N3TIT A,N3TIT A4,Human observation,10/09/2025,Animalia ,Diptera,Limoniidae,Crane fly ,Family,3,3,Individual,Present ,N55 42.253,W005 16.755,,,,WGS84,GB,
N3TIT A,N3TIT A5,Human observation,10/09/2025,Animalia ,Araneae,Linyphiidae,Money spider,Family ,1,1,Individual,Present ,N55 42.253,W005 16.755,,,,WGS84,GB,
N3TIT A,N3TIT A6,Human observation,10/09/2025,Animalia ,Hemiptera,Rhopalidae,Scentless plant bugs,Family,1,1,Individual,Present ,N55 42.253,W005 16.755,,,,WGS84,GB,
N3TIT A,N3TIT A7,Human observation,10/09/2025,Animalia ,Lepidoptera ,Agrius convolvuli,Convolvulus hawk moth,Species ,1,1,Individual,Present ,N55 42.253,W005 16.755,,,,WGS84,GB,
N3TIT A,N3TIT A8,Human observation,10/09/2025,Animalia ,Lepidoptera ,Tipulidae,Crane fly ,Family,1,1,Individual,Present ,N55 42.253,W005 16.755,,,,WGS84,GB,
N3TIT A,N3TIT A9,Human observation,10/09/2025,Animalia ,Hymenoptera,Ophion sp,Parasitic wasps,Genus ,2,2,Individual,Present ,N55 42.253,W005 16.755,,,,WGS84,GB,
N3TIT A,N3TIT A10,Human observation,10/09/2025,Animalia ,Trichoptera ,Limnephilus lutus,Cinmon sedge caddisfly,Species ,1,1,Individual,Present ,N55 42.253,W005 16.755,,,,WGS84,GB,
S3TIT J,S3TIT J1,Human observation,11/09/2025,Animalia ,Trichoptera ,Trichoptera,Caddis fly,Order,1,1,Individual,Present ,N55 41.828,W005 16.810,,,,WGS84,GB,
S3TIT J,S3TIT J2,Human observation,11/09/2025,Animalia ,Hymenoptera,Cardri morpheus,Mottled rustic,Species,1,1,Individual,Present ,N55 41.828,W005 16.810,,,,WGS84,GB,
S3TIT J,S3TIT J3,Human observation,11/09/2025,Animalia ,Diptera,Culicidae,Mosquito,Family,4,4,Individual,Present ,N55 41.828,W005 16.810,,,,WGS84,GB,
S3TIT J,S3TIT J4,Human observation,11/09/2025,Animalia ,Diptera,Tipuloidea,Crane fly ,Super family,1,1,Individual,Present ,N55 41.828,W005 16.810,,,,WGS84,GB,
N3TIT J,N3TIT J1,Human observation,11/09/2025,Animalia ,Lepidoptera ,Aporophyla nigra ,Black rustic ,Species,1,1,Individual,Present ,N55 42.061,W005 16.371,,,,WGS84,GB,
N3TIT J,N3TIT J2,Human observation,11/09/2025,Animalia ,Lepidoptera ,Xestia xanthographa ,Square spot rustic ,Species,5,5,Individual,Present ,N55 42.061,W005 16.371,,,,WGS84,GB,
N3TIT J,N3TIT J3,Human observation,11/09/2025,Animalia ,Trichoptera ,Trichoptera,Caddis fly,Order,1,1,Individual,Present ,N55 42.061,W005 16.371,,,,WGS84,GB,
N3TIT J,N3TIT J4,Human observation,11/09/2025,Animalia ,Lepidoptera ,Euxoa nigricans,Garden dart,Species,1,1,Individual,Present ,N55 42.061,W005 16.371,,,,WGS84,GB,
N3TIT J,N3TIT J5,Human observation,11/09/2025,Animalia ,Diptera,Tipuloidea,Crane fly ,Super family,4,4,Individual,Present ,N55 42.061,W005 16.371,,,,WGS84,GB,
N3TIT J,N3TIT J6,Human observation,11/09/2025,Animalia ,Diptera,Culicidae,Mosquito,Family ,1,1,Individual,Present ,N55 42.061,W005 16.371,,,,WGS84,GB,
N3TIT J,N3TIT J7,Human observation,11/09/2025,Animalia ,Diptera,Diptera ,Fly,Family,1,1,Individual,Present ,N55 42.061,W005 16.371,,,,WGS84,GB,
N3TIT J,N3TIT J8,Human observation,11/09/2025,Animalia ,Lepidoptera ,Colostygia pectitaria,Green carpet moth,Species,1,1,Individual,Present ,N55 42.061,W005 16.371,,,,WGS84,GB,
N3TIT J,N3TIT J9,Human observation,11/09/2025,Animalia ,Lepidoptera ,Cardri morpheus,Mottled rustic,Species,1,1,Individual,Present ,N55 42.061,W005 16.371,,,,,,
N3P A,N3P A1,Humanobservation,10/09/2025,Plantae,Polypodiales,Pteridium aquilinum,Bracken,Species,1,100,Percentagecover,Present,N55  42.253,W005 16.761,,,,WGS84,SCO,
N3P B,N3P B1,Humanobservation,10/09/2025,Plantae,Rosales,Rubus fruticosus L.,European blackberry,Species,1,20,Percentagecover,Present,N55  42.231,W005 16.724,,,,WGS84,SCO,
N3P B,N3P B2,Humanobservation,10/09/2025,Plantae,Poales,Agrostis capillaris,Common bent,Species,1,50,Percentagecover,Present,N55  42.231,W005 16.724,,,,WGS84,SCO,
N3P B,N3P B3,Humanobservation,10/09/2025,Plantae,Polypodiales,Pteridium aquilinum,Bracken,Species,1,100,Percentagecover,Present,N55  42.231,W005 16.724,,,,WGS84,SCO,
N3P B,N3P B4,Humanobservation,10/09/2025,Plantae,Gentiales,Galium mollugo,Hedge bedstraw,Species,1,50,Percentagecover,Present,N55  42.231,W005 16.724,,,,WGS84,SCO,
N3P C,N3P C1,Humanobservation,10/09/2025,Plantae,Polypodiales,Pteridium aquilinum,Bracken,Species,1,100,Percentagecover,Present,N55  42.205,W005 16.686,,,,WGS84,SCO,
N3P C,N3P C2,Humanobservation,10/09/2025,Plantae,Gentiales,Galium mollugo,Hedge bedstraw,Species,1,60,Percentagecover,Present,N55  42.205,W005 16.686,,,,WGS84,SCO,
N3P C,N3P C3,Humanobservation,10/09/2025,Plantae,Rosales,Rubus fruticosus L.,European blackberry,Species,1,10,Percentagecover,Present,N55  42.205,W005 16.686,,,,WGS84,SCO,
N3P C,N3P C4,Humanobservation,10/09/2025,Plantae,Hyples,Rhytidadelphus triquetrus,Big shaggy-moss,Species,1,100,Percentagecover,Present,N55  42.205,W005 16.686,,,,WGS84,SCO,
N3P C,N3P C5,Humanobservation,10/09/2025,Plantae,Lamiales,Teucrium scorodonia,Wood sage,Species,1,15,Percentagecover,Present,N55  42.205,W005 16.686,,,,WGS84,SCO,
N3P D,N3P D1,Humanobservation,10/09/2025,Plantae,Dipsacales,Lonicera periclymenum,European honeysuckle,Species,1,20,Percentagecover,Present,N55  42.182,W005 16.640,,,,WGS84,SCO,
N3P D,N3P D2,Humanobservation,10/09/2025,Plantae,Polypodiales,Pteridium aquilinum,Bracken,Species,1,100,Percentagecover,Present,N55  42.182,W005 16.640,,,,WGS84,SCO,
N3P D,N3P D3,Humanobservation,10/09/2025,Plantae,Hyples,Rhytidadelphus triquetrus,Big shaggy-moss,Species,1,50,Percentagecover,Present,N55  42.182,W005 16.640,,,,WGS84,SCO,
N3P D,N3P D4,Humanobservation,10/09/2025,Plantae,Lamiales,Teucrium scorodonia,Wood sage,Species,1,5,Percentagecover,Present,N55  42.182,W005 16.640,,,,WGS84,SCO,
N3P E,N3P E1,Humanobservation,10/09/2025,Plantae,Polypodiales,Pteridium aquilinum,Bracken,Species,1,100,Percentagecover,Present,N55  42.156,W005 16.606,,,,WGS84,SCO,
N3P E,N3P E2,Humanobservation,10/09/2025,Plantae,Rosales,Rubus fruticosus L.,European blackberry,Species,1,25,Percentagecover,Present,N55  42.156,W005 16.606,,,,WGS84,SCO,
N3P F,N3P F1,Humanobservation,10/09/2025,Plantae,Polypodiales,Pteridium aquilinum,Bracken,Species,1,100,Percentagecover,Present,N55  42.134,W005 16.563,,,,WGS84,SCO,
N3P F,N3P F2,Humanobservation,10/09/2025,Plantae,Rosales,Rubus fruticosus L.,European blackberry,Species,1,60,Percentagecover,Present,N55  42.134,W005 16.563,,,,WGS84,SCO,
N3P F,N3P F3,Humanobservation,10/09/2025,Plantae,Hyples,Rhytidadelphus triquetrus,Big shaggy-moss,Species,1,40,Percentagecover,Present,N55  42.134,W005 16.563,,,,WGS84,SCO,
N3P G,N3P G1,Humanobservation,10/09/2025,Plantae,Rosales,Rubus fruticosus L.,European blackberry,Species,1,33,Percentagecover,Present,N55  42.110,W005 16.517,,,,WGS84,SCO,
N3P G,N3P G2,Humanobservation,10/09/2025,Plantae,Polypodiales,Pteridium aquilinum,Bracken,Species,1,100,Percentagecover,Present,N55  42.110,W005 16.517,,,,WGS84,SCO,
N3P G,N3P G3,Humanobservation,10/09/2025,Plantae,Hyples,Rhytidadelphus triquetrus,Big shaggy-moss,Species,1,40,Percentagecover,Present,N55  42.110,W005 16.517,,,,WGS84,SCO,
N3P H,N3P H1,Humanobservation,10/09/2025,Plantae,Polypodiales,Pteridium aquilinum,Bracken,Species,1,100,Percentagecover,Present,N55  42.080,W005 16.471,,,,WGS84,SCO,
N3P H,N3P H2,Humanobservation,10/09/2025,Plantae,Ranunculales,Ranunculus repens,Creeping buttercup,Species,1,25,Percentagecover,Present,N55  42.080,W005 16.471,,,,WGS84,SCO,
N3P H,N3P H3,Humanobservation,10/09/2025,Plantae,Hyples,Rhytidadelphus triquetrus,Big shaggy-moss,Species,1,60,Percentagecover,Present,N55  42.080,W005 16.471,,,,WGS84,SCO,
N3P H,N3P H4,Humanobservation,10/09/2025,Plantae,Rosales,Potentilla erecta,Tormentil,Species,1,5,Percentagecover,Present,N55  42.080,W005 16.471,,,,WGS84,SCO,
N3P H,N3P H5,Humanobservation,10/09/2025,Plantae,Rosales,Rubus fruticosus L.,European blackberry,Species,1,35,Percentagecover,Present,N55  42.080,W005 16.471,,,,WGS84,SCO,
N3P I,N3P I1,Humanobservation,10/09/2025,Plantae,Polypodiales,Pteridium aquilinum,Bracken,Species,1,100,Percentagecover,Present,N55  42.071,W005 16.414,,,,WGS84,SCO,
N3P I,N3P I2,Humanobservation,10/09/2025,Plantae,Rosales,Rubus fruticosus L.,European blackberry,Species,1,10,Percentagecover,Present,N55  42.071,W005 16.414,,,,WGS84,SCO,
N3P J,N3P J1,Humanobservation,10/09/2025,Plantae,Polypodiales,Pteridium aquilinum,Bracken,Species,1,100,Percentagecover,Present,N55  42.056,W005 16.365,,,,WGS84,SCO,
N3P J,N3P J2,Humanobservation,10/09/2025,Plantae,Rosales,Rubus fruticosus L.,European blackberry,Species,1,33,Percentagecover,Present,N55  42.056,W005 16.365,,,,WGS84,SCO,
N3P J,N3P J3,Humanobservation,10/09/2025,Plantae,Gentiales,Galium mollugo,Hedge bedstraw,Species,1,40,Percentagecover,Present,N55  42.056,W005 16.365,,,,WGS84,SCO,
N3P J,N3P J4,Humanobservation,10/09/2025,Plantae,Rosales,Rubus fruticosus L.,European blackberry,Species,1,3,Percentagecover,Present,N55  42.056,W005 16.365,,,,WGS84,SCO,
N3P J,N3P J5,Humanobservation,10/09/2025,Plantae,Poales,Agrostis capillaris,Common bent,Species,1,10,Percentagecover,Present,N55  42.056,W005 16.365,,,,WGS84,SCO,
N3P J,N3P J6,Humanobservation,10/09/2025,Plantae,Fabales,Ulex europaeus,Gorse,Species,1,10,Percentagecover,Present,N55  42.056,W005 16.365,,,,WGS84,SCO,
N3P J,N3P J7,Humanobservation,10/09/2025,Plantae,Hyples,Rhytidadelphus triquetrus,Big shaggy-moss,Species,1,60,Percentagecover,Present,N55  42.056,W005 16.365,,,,WGS84,SCO,
N1P A,N1P A1,Humanobservation,11/09/2025,Plantae,Ericales,Callu vulgaris,Common heather,Species,1,90,Percentagecover,Present,N55  42.354,W005 16.577,,,,WGS84,SCO,
N1P A,N1P A2,Humanobservation,11/09/2025,Plantae,Ericales,Erica cinerea,Bell heather,Species,1,10,Percentagecover,Present,N55  42.354,W005 16.577,,,,WGS84,SCO,
N1P A,N1P A3,Humanobservation,11/09/2025,Plantae,Hyples,Rhytidadelphus triquetrus,Big shaggy-moss,Species,1,80,Percentagecover,Present,N55  42.354,W005 16.577,,,,WGS84,SCO,
N1P A,N1P A4,Humanobservation,11/09/2025,Plantae,Lamiales,Teucrium scorodonia,Wood sage,Species,1,5,Percentagecover,Present,N55  42.354,W005 16.577,,,,WGS84,SCO,
N1P B,N1P B1,Humanobservation,11/09/2025,Plantae,Ericales,Callu vulgaris,Common heather,Species,1,90,Percentagecover,Present,N55  42.342,W005 16.557,,,,WGS84,SCO,
N1P B,N1P B2,Humanobservation,11/09/2025,Plantae,Ericales,Erica cinerea,Bell heather,Species,1,5,Percentagecover,Present,N55  42.342,W005 16.557,,,,WGS84,SCO,
N1P B,N1P B3,Humanobservation,11/09/2025,Plantae,Polypodiales,Pteridium aquilinum,Bracken,Species,1,5,Percentagecover,Present,N55  42.342,W005 16.557,,,,WGS84,SCO,
N1P B,N1P B4,Humanobservation,11/09/2025,Plantae,Rosales,Potentilla erecta,Tormentil,Species,1,5,Percentagecover,Present,N55  42.342,W005 16.557,,,,WGS84,SCO,
N1P B,N1P B5,Humanobservation,11/09/2025,Plantae,Hyples,Rhytidadelphus triquetrus,Big shaggy-moss,Species,1,80,Percentagecover,Present,N55  42.342,W005 16.557,,,,WGS84,SCO,
N1P B,N1P B6,Humanobservation,11/09/2025,Plantae,Dicrales,Dicranum scoparium,Broom fork-moss,Species,1,15,Percentagecover,Present,N55  42.342,W005 16.557,,,,WGS84,SCO,
N1P C,N1P C1,Humanobservation,11/09/2025,Plantae,Ericales,Callu vulgaris,Common heather,Species,1,55,Percentagecover,Present,N55  42.329,W005 16.537,,,,WGS84,SCO,
N1P C,N1P C2,Humanobservation,11/09/2025,Plantae,Ericales,Erica cinerea,Bell heather,Species,1,35,Percentagecover,Present,N55  42.329,W005 16.537,,,,WGS84,SCO,
N1P C,N1P C3,Humanobservation,11/09/2025,Plantae,Polypodiales,Pteridium aquilinum,Bracken,Species,1,10,Percentagecover,Present,N55  42.329,W005 16.537,,,,WGS84,SCO,
N1P C,N1P C4,Humanobservation,11/09/2025,Plantae,Hyples,Rhytidadelphus triquetrus,Big shaggy-moss,Species,1,90,Percentagecover,Present,N55  42.329,W005 16.537,,,,WGS84,SCO,
N1P C,N1P C5,Humanobservation,11/09/2025,Plantae,Rosales,Potentilla erecta,Tormentil,Species,1,5,Percentagecover,Present,N55  42.329,W005 16.537,,,,WGS84,SCO,
N1P D,N1P D1,Humanobservation,11/09/2025,Plantae,Ericales,Callu vulgaris,Common heather,Species,1,80,Percentagecover,Present,N55 42.318,W005 16.517,,,,WGS84,SCO,
N1P D,N1P D2,Humanobservation,11/09/2025,Plantae,Ericales,Erica cinerea,Bell heather,Species,1,15,Percentagecover,Present,N55 42.318,W005 16.517,,,,WGS84,SCO,
N1P D,N1P D3,Humanobservation,11/09/2025,Plantae,Polypodiales,Pteridium aquilinum,Bracken,Species,1,5,Percentagecover,Present,N55 42.318,W005 16.517,,,,WGS84,SCO,
N1P D,N1P D4,Humanobservation,11/09/2025,Plantae,Rosales,Potentilla erecta,Tormentil,Species,1,5,Percentagecover,Present,N55 42.318,W005 16.517,,,,WGS84,SCO,
N1P D,N1P D5,Humanobservation,11/09/2025,Plantae,Hyples,Rhytidadelphus triquetrus,Big shaggy-moss,Species,1,90,Percentagecover,Present,N55 42.318,W005 16.517,,,,WGS84,SCO,
N1P E,N1P E1,Humanobservation,11/09/2025,Plantae,Lamiales,Teucrium scorodonia,Wood sage,Species,1,15,Percentagecover,Present,N55 42.307,W005 16.494,,,,WGS84,SCO,
N1P E,N1P E2,Humanobservation,11/09/2025,Plantae,Polypodiales,Pteridium aquilinum,Bracken,Species,1,10,Percentagecover,Present,N55 42.307,W005 16.494,,,,WGS84,SCO,
N1P E,N1P E3,Humanobservation,11/09/2025,Plantae,Poales,Avenella flexuosa,Wavy hair-grass,Species,1,80,Percentagecover,Present,N55 42.307,W005 16.494,,,,WGS84,SCO,
N1P E,N1P E4,Humanobservation,11/09/2025,Plantae,Rosales,Potentilla erecta,Tormentil,Species,1,10,Percentagecover,Present,N55 42.307,W005 16.494,,,,WGS84,SCO,
N1P E,N1P E5,Humanobservation,11/09/2025,Plantae,Poales,Holcus latus,Yorshire fog,Species,1,20,Percentagecover,Present,N55 42.307,W005 16.494,,,,WGS84,SCO,
N1P E,N1P E6,Humanobservation,11/09/2025,Plantae,Gentiales,Galium mollugo,Hedge bedstraw,Species,1,80,Percentagecover,Present,N55 42.307,W005 16.494,,,,WGS84,SCO,
N1P F,N1P F1,Humanobservation,11/09/2025,Plantae,Digitalis,Digitalis purpurea,Common foxglove,Species,1,5,Percentagecover,Present,N55 42.295,W005 16.471,,,,WGS84,SCO,
N1P F,N1P F2,Humanobservation,11/09/2025,Plantae,Ericales,Callu vulgaris,Common heather,Species,1,60,Percentagecover,Present,N55 42.295,W005 16.471,,,,WGS84,SCO,
N1P F,N1P F3,Humanobservation,11/09/2025,Plantae,Ericales,Erica cinerea,Bell heather,Species,1,20,Percentagecover,Present,N55 42.295,W005 16.471,,,,WGS84,SCO,
N1P F,N1P F4,Humanobservation,11/09/2025,Plantae,Hyples,Rhytidadelphus triquetrus,Big shaggy-moss,Species,1,80,Percentagecover,Present,N55 42.295,W005 16.471,,,,WGS84,SCO,
N1P F,N1P F5,Humanobservation,11/09/2025,Plantae,Poales,Holcus latus,Yorshire fog,Species,1,10,Percentagecover,Present,N55 42.295,W005 16.471,,,,WGS84,SCO,
N1P F,N1P F6,Humanobservation,11/09/2025,Plantae,Dicrales,Dicranum scoparium,Broom fork-moss,Species,1,5,Percentagecover,Present,N55 42.295,W005 16.471,,,,WGS84,SCO,
N1P F,N1P F7,Humanobservation,11/09/2025,Plantae,Lamiales,Teucrium scorodonia,Wood sage,Species,1,5,Percentagecover,Present,N55 42.295,W005 16.471,,,,WGS84,SCO,
N1P F,N1P F8,Humanobservation,11/09/2025,Plantae,Gentiales,Galium mollugo,Hedge bedstraw,Species,1,80,Percentagecover,Present,N55 42.295,W005 16.471,,,,WGS84,SCO,
N1P F,N1P F9,Humanobservation,11/09/2025,Plantae,Poales,Avenella flexuosa,Wavy hair-grass,Species,1,5,Percentagecover,Present,N55 42.295,W005 16.471,,,,WGS84,SCO,
N1P G,N1P G1,Humanobservation,11/09/2025,Plantae,Ericales,Callu vulgaris,Common heather,Species,1,40,Percentagecover,Present,N55 42.281,W005 16.451,,,,WGS84,SCO,
N1P G,N1P G2,Humanobservation,11/09/2025,Plantae,Ericales,Erica cinerea,Bell heather,Species,1,30,Percentagecover,Present,N55 42.281,W005 16.451,,,,WGS84,SCO,
N1P G,N1P G3,Humanobservation,11/09/2025,Plantae,Hyples,Rhytidadelphus triquetrus,Big shaggy-moss,Species,1,50,Percentagecover,Present,N55 42.281,W005 16.451,,,,WGS84,SCO,
N1P G,N1P G4,Humanobservation,11/09/2025,Plantae,Poales,Holcus latus,Yorshire fog,Species,1,10,Percentagecover,Present,N55 42.281,W005 16.451,,,,WGS84,SCO,
N1P G,N1P G5,Humanobservation,11/09/2025,Plantae,Gentiales,Galium mollugo,Hedge bedstraw,Species,1,20,Percentagecover,Present,N55 42.281,W005 16.451,,,,WGS84,SCO,
N1P G,N1P G6,Humanobservation,11/09/2025,Plantae,Ranunculales,Ranunculus repens,Creeping buttercup,Species,1,5,Percentagecover,Present,N55 42.281,W005 16.451,,,,WGS84,SCO,
N1P H,N1P H1,Humanobservation,11/09/2025,Plantae,Ericales,Erica cinerea,Bell heather,Species,1,70,Percentagecover,Present,N55 42.268,W005 16.434,,,,WGS84,SCO,
N1P H,N1P H2,Humanobservation,11/09/2025,Plantae,Poales,Avenella flexuosa,Wavy hair-grass,Species,1,20,Percentagecover,Present,N55 42.268,W005 16.434,,,,WGS84,SCO,
N1P H,N1P H3,Humanobservation,11/09/2025,Plantae,Poales,Juncus effusus,Soft rush,Species,1,5,Percentagecover,Present,N55 42.268,W005 16.434,,,,WGS84,SCO,
N1P H,N1P H4,Humanobservation,11/09/2025,Plantae,Gentiales,Galium mollugo,Hedge bedstraw,Species,1,70,Percentagecover,Present,N55 42.268,W005 16.434,,,,WGS84,SCO,
N1P H,N1P H5,Humanobservation,11/09/2025,Plantae,Ranunculales,Ranunculus repens,Creeping buttercup,Species,1,5,Percentagecover,Present,N55 42.268,W005 16.434,,,,WGS84,SCO,
N1P H,N1P H6,Humanobservation,11/09/2025,Plantae,Hyples,Rhytidadelphus triquetrus,Big shaggy-moss,Species,1,40,Percentagecover,Present,N55 42.268,W005 16.434,,,,WGS84,SCO,
N1P I,N1P I1,Humanobservation,11/09/2025,Plantae,Ericales,Callu vulgaris,Common heather,Species,1,95,Percentagecover,Present,N55 42.255,W005 16.414,,,,WGS84,SCO,
N1P I,N1P I2,Humanobservation,11/09/2025,Plantae,Ericales,Erica cinerea,Bell heather,Species,1,5,Percentagecover,Present,N55 42.255,W005 16.414,,,,WGS84,SCO,
N1P I,N1P I3,Humanobservation,11/09/2025,Plantae,Rosales,Potentilla erecta,Tormentil,Species,1,5,Percentagecover,Present,N55 42.255,W005 16.414,,,,WGS84,SCO,
N1P I,N1P I4,Humanobservation,11/09/2025,Plantae,Hyples,Rhytidadelphus triquetrus,Big shaggy-moss,Species,1,90,Percentagecover,Present,N55 42.255,W005 16.414,,,,WGS84,SCO,
N1P J,N1P J1,Humanobservation,11/09/2025,Plantae,Ericales,Callu vulgaris,Common heather,Species,1,95,Percentagecover,Present,N55 42.242,W005 16.396,,,,WGS84,SCO,
N1P J,N1P J2,Humanobservation,11/09/2025,Plantae,Ericales,Erica cinerea,Bell heather,Species,1,5,Percentagecover,Present,N55 42.242,W005 16.396,,,,WGS84,SCO,
N1P J,N1P J3,Humanobservation,11/09/2025,Plantae,Rosales,Potentilla erecta,Tormentil,Species,1,5,Percentagecover,Present,N55 42.242,W005 16.396,,,,WGS84,SCO,
N1P J,N1P J4,Humanobservation,11/09/2025,Plantae,Hyples,Rhytidadelphus triquetrus,Big shaggy-moss,Species,1,90,Percentagecover,Present,N55 42.242,W005 16.396,,,,WGS84,SCO,
N2P J,N2P J1,Humanobservation,11/09/2025,Plantae,Poales,Avenella flexuosa,Wavy hair-grass,Species,1,33,Percentagecover,Present,N55 42.143,W005 16.419,,,,WGS84,SCO,
N2P J,N2P J2,Humanobservation,11/09/2025,Plantae,Gentiales,Galium mollugo,Hedge bedstraw,Species,1,60,Percentagecover,Present,N55 42.143,W005 16.419,,,,WGS84,SCO,
N2P J,N2P J3,Humanobservation,11/09/2025,Plantae,Caryophyllales,Cerastium fontanum,Little mouse-ear chickweed,Species,1,5,Percentagecover,Present,N55 42.143,W005 16.419,,,,WGS84,SCO,
N2P J,N2P J4,Humanobservation,11/09/2025,Plantae,Poales,Holcus latus,Yorshire fog,Species,1,33,Percentagecover,Present,N55 42.143,W005 16.419,,,,WGS84,SCO,
N2P J,N2P J5,Humanobservation,11/09/2025,Plantae,Poales,Anthoxanthum odoratum,Sweet verl grass,Species,1,20,Percentagecover,Present,N55 42.143,W005 16.419,,,,WGS84,SCO,
N2P I,N2P I1,Humanobservation,11/09/2025,Plantae,Poales,Avenella flexuosa,Wavy hair-grass,Species,1,60,Percentagecover,Present,N55 42.161,W005 16.431,,,,WGS84,SCO,
N2P I,N2P I2,Humanobservation,11/09/2025,Plantae,Poales,Anthoxanthum odoratum,Sweet verl grass,Species,1,40,Percentagecover,Present,N55 42.161,W005 16.431,,,,WGS84,SCO,
N2P I,N2P I3,Humanobservation,11/09/2025,Plantae,Gentiales,Galium mollugo,Hedge bedstraw,Species,1,80,Percentagecover,Present,N55 42.161,W005 16.431,,,,WGS84,SCO,
N2P I,N2P I4,Humanobservation,11/09/2025,Plantae,Hyples,Rhytidadelphus triquetrus,Big shaggy-moss,Species,1,90,Percentagecover,Present,N55 42.161,W005 16.431,,,,WGS84,SCO,
N2P H,N2P H1,Humanobservation,11/09/2025,Plantae,Rosales,Potentilla erecta,Tormentil,Species,1,5,Percentagecover,Present,N55 42.176,W005 16.448,,,,WGS84,SCO,
N2P H,N2P H2,Humanobservation,11/09/2025,Plantae,Poales,Avenella flexuosa,Wavy hair-grass,Species,1,70,Percentagecover,Present,N55 42.176,W005 16.448,,,,WGS84,SCO,
N2P H,N2P H3,Humanobservation,11/09/2025,Plantae,Poales,Holcus latus,Yorshire fog,Species,1,30,Percentagecover,Present,N55 42.176,W005 16.448,,,,WGS84,SCO,
N2P H,N2P H4,Humanobservation,11/09/2025,Plantae,Gentiales,Galium mollugo,Hedge bedstraw,Species,1,70,Percentagecover,Present,N55 42.176,W005 16.448,,,,WGS84,SCO,
N2P H,N2P H5,Humanobservation,11/09/2025,Plantae,Hyples,Rhytidadelphus triquetrus,Big shaggy-moss,Species,1,90,Percentagecover,Present,N55 42.176,W005 16.448,,,,WGS84,SCO,
N2P G,N2P G1,Humanobservation,11/09/2025,Plantae,Polypodiales,Pteridium aquilinum,Bracken,Species,1,5,Percentagecover,Present,N55 42.185,W005 16.468,,,,WGS84,SCO,
N2P G,N2P G2,Humanobservation,11/09/2025,Plantae,Poales,Avenella flexuosa,Wavy hair-grass,Species,1,70,Percentagecover,Present,N55 42.185,W005 16.468,,,,WGS84,SCO,
N2P G,N2P G3,Humanobservation,11/09/2025,Plantae,Gentiales,Galium mollugo,Hedge bedstraw,Species,1,80,Percentagecover,Present,N55 42.185,W005 16.468,,,,WGS84,SCO,
N2P G,N2P G4,Humanobservation,11/09/2025,Plantae,Poales,Anthoxanthum odoratum,Sweet verl grass,Species,1,10,Percentagecover,Present,N55 42.185,W005 16.468,,,,WGS84,SCO,
N2P F,N2P F1,Humanobservation,11/09/2025,Plantae,Poales,Holcus latus,Yorshire fog,Species,1,20,Percentagecover,Present,N55 42.198,W005 16.488,,,,WGS84,SCO,
N2P F,N2P F2,Humanobservation,11/09/2025,Plantae,Gentiales,Galium mollugo,Hedge bedstraw,Species,1,80,Percentagecover,Present,N55 42.198,W005 16.488,,,,WGS84,SCO,
N2P F,N2P F3,Humanobservation,11/09/2025,Plantae,Poales,Deschampsia cespitosa,Tufted hair grass,Species,1,80,Percentagecover,Present,N55 42.198,W005 16.488,,,,WGS84,SCO,
N2P E,N2P E1,Humanobservation,11/09/2025,Plantae,Ericales,Lysimachia nemorum,Yellow pimpernel,Species,1,5,Percentagecover,Present,N55 42.207,W005 16.514,,,,WGS84,SCO,
N2P E,N2P E2,Humanobservation,11/09/2025,Plantae,Poales,Holcus latus,Yorshire fog,Species,1,10,Percentagecover,Present,N55 42.207,W005 16.514,,,,WGS84,SCO,
N2P E,N2P E3,Humanobservation,11/09/2025,Plantae,Poales,Avenella flexuosa,Wavy hair-grass,Species,1,90,Percentagecover,Present,N55 42.207,W005 16.514,,,,WGS84,SCO,
N2P E,N2P E4,Humanobservation,11/09/2025,Plantae,Malpighiales,Viola palustris,Marsh violet,Species,1,5,Percentagecover,Present,N55 42.207,W005 16.514,,,,WGS84,SCO,
N2P E,N2P E5,Humanobservation,11/09/2025,Plantae,Gentiales,Galium mollugo,Hedge bedstraw,Species,1,60,Percentagecover,Present,N55 42.207,W005 16.514,,,,WGS84,SCO,
N2P D,N2P D1,Humanobservation,11/09/2025,Plantae,Rosales,Rubus fruticosus L.,European blackberry,Species,1,10,Percentagecover,Present,N55 42.219,W005 16.534,,,,WGS84,SCO,
N2P D,N2P D2,Humanobservation,11/09/2025,Plantae,Polypodiales,Pteridium aquilinum,Bracken,Species,1,10,Percentagecover,Present,N55 42.219,W005 16.534,,,,WGS84,SCO,
N2P D,N2P D3,Humanobservation,11/09/2025,Plantae,Gentiales,Galium mollugo,Hedge bedstraw,Species,1,70,Percentagecover,Present,N55 42.219,W005 16.534,,,,WGS84,SCO,
N2P D,N2P D4,Humanobservation,11/09/2025,Plantae,Rosales,Potentilla erecta,Tormentil,Species,1,5,Percentagecover,Present,N55 42.219,W005 16.534,,,,WGS84,SCO,
N2P D,N2P D5,Humanobservation,11/09/2025,Plantae,Poales,Holcus latus,Yorshire fog,Species,1,80,Percentagecover,Present,N55 42.219,W005 16.534,,,,WGS84,SCO,
N2P C,N2P C1,Humanobservation,11/09/2025,Plantae,Poales,Holcus latus,Yorshire fog,Species,1,20,Percentagecover,Present,N55 42.231,W005 16.551,,,,WGS84,SCO,
N2P C,N2P C2,Humanobservation,11/09/2025,Plantae,Poales,Avenella flexuosa,Wavy hair-grass,Species,1,80,Percentagecover,Present,N55 42.231,W005 16.551,,,,WGS84,SCO,
N2P C,N2P C3,Humanobservation,11/09/2025,Plantae,Malpighiales,Viola palustris,Marsh violet,Species,1,5,Percentagecover,Present,N55 42.231,W005 16.551,,,,WGS84,SCO,
N2P C,N2P C4,Humanobservation,11/09/2025,Plantae,Gentiales,Galium mollugo,Hedge bedstraw,Species,1,65,Percentagecover,Present,N55 42.231,W005 16.551,,,,WGS84,SCO,
N2P B,N2P B1,Humanobservation,11/09/2025,Plantae,Malpighiales,Hypericum perforatum,St. johns wort,Species,1,5,Percentagecover,Present,N55 42.242,W005 16.577,,,,WGS84,SCO,
N2P B,N2P B2,Humanobservation,11/09/2025,Plantae,Poales,Deschampsia cespitosa,Tufted hair grass,Species,1,90,Percentagecover,Present,N55 42.242,W005 16.577,,,,WGS84,SCO,
N2P B,N2P B3,Humanobservation,11/09/2025,Plantae,Poales,Holcus latus,Yorshire fog,Species,1,10,Percentagecover,Present,N55 42.242,W005 16.577,,,,WGS84,SCO,
N2P B,N2P B4,Humanobservation,11/09/2025,Plantae,Gentiales,Galium mollugo,Hedge bedstraw,Species,1,20,Percentagecover,Present,N55 42.242,W005 16.577,,,,WGS84,SCO,
N2P A,N20 A1,Humanobservation,11/09/2025,Plantae,Poales,Anthoxanthum odoratum,Sweet verl grass,Species,1,30,Percentagecover,Present,N55 42.257,W005 16.594,,,,WGS84,SCO,
N2P A,N20 A2,Humanobservation,11/09/2025,Plantae,Polypodiales,Pteridium aquilinum,Bracken,Species,1,5,Percentagecover,Present,N55 42.257,W005 16.594,,,,WGS84,SCO,
N2P A,N20 A3,Humanobservation,11/09/2025,Plantae,Poales,Avenella flexuosa,Wavy hair-grass,Species,1,40,Percentagecover,Present,N55 42.257,W005 16.594,,,,WGS84,SCO,
N2P A,N20 A4,Humanobservation,11/09/2025,Plantae,Gentiales,Galium mollugo,Hedge bedstraw,Species,1,60,Percentagecover,Present,N55 42.257,W005 16.594,,,,WGS84,SCO,
N2P A,N20 A5,Humanobservation,11/09/2025,Plantae,Hyples,Rhytidadelphus triquetrus,Big shaggy-moss,Species,1,50,Percentagecover,Present,N55 42.257,W005 16.594,,,,WGS84,SCO,
N2P A,N20 A6,Humanobservation,11/09/2025,Plantae,Oxalidales,Oxalis,Wood sorrel,Genus,1,5,Percentagecover,Present,N55 42.257,W005 16.594,,,,WGS84,SCO,
N2P A,N20 A7,Humanobservation,11/09/2025,Plantae,Poales,Holcus latus,Yorshire fog,Species,1,30,Percentagecover,Present,N55 42.257,W005 16.594,,,,WGS84,SCO,
S3P A,S3P A1,Humanobservation,10/09/2025,Plantae,Rosales,Urtica dioica,Common nettle,Species,1,15,Percentagecover,Present,N55  42.027,W005  17.134,,,,WGS84,SCO,
S3P A,S3P A2,Humanobservation,10/09/2025,Plantae,Poales,rdus stricta,Mat grass,Species,1,85,Percentagecover,Present,N55  42.027,W005  17.134,,,,WGS84,SCO,
S3P A,S3P A3,Humanobservation,10/09/2025,Plantae,Poales,Deschampsia cespitosa,Tufted hairgrass,Species,1,15,Percentagecover,Present,N55  42.027,W005  17.134,,,,WGS84,SCO,
S3P B,S3P B1,Humanobservation,10/09/2025,Plantae,Fabales,Trifolium repens,White clover,Species,1,85,Percentagecover,Present,N55  42.003,W005  17.094,,,,WGS84,SCO,
S3P B,S3P B2,Humanobservation,10/09/2025,Plantae,Poales,Agrostis capillaris,Common bent,Species,1,3,Percentagecover,Present,N55  42.003,W005  17.094,,,,WGS84,SCO,
S3P B,S3P B3,Humanobservation,10/09/2025,Plantae,Poales,rdus stricta,Mat grass,Species,1,60,Percentagecover,Present,N55  42.003,W005  17.094,,,,WGS84,SCO,
S3P C,S3P C1,Humanobservation,10/09/2025,Plantae,Poales,Agrostis capillaris,Common bent,Species,1,8,Percentagecover,Present,N55  41.979,W005  17.065,,,,WGS84,SCO,
S3P C,S3P C2,Humanobservation,10/09/2025,Plantae,Fabales,Trifolium repens,White clover,Species,1,20,Percentagecover,Present,N55  41.979,W005  17.065,,,,WGS84,SCO,
S3P C,S3P C3,Humanobservation,10/09/2025,Plantae,Poales,rdus stricta,Mat grass,Species,1,80,Percentagecover,Present,N55  41.979,W005  17.065,,,,WGS84,SCO,
S3P D,S3P D1,Humanobservation,10/09/2025,Plantae,Poales,Juncus inflexus,Hard rush,Species,1,40,Percentagecover,Present,N55  41.949,W005  17.042,,,,WGS84,SCO,
S3P D,S3P D2,Humanobservation,10/09/2025,Plantae,Poales,Juncus effusus,Soft rush,Species,1,40,Percentagecover,Present,N55  41.949,W005  17.042,,,,WGS84,SCO,
S3P E,S3P E1,Humanobservation,10/09/2025,Plantae,Poales,rdus stricta,Mat grass,Species,1,95,Percentagecover,Present,N55  41.922,W005  17.005,,,,WGS84,SCO,
S3P E,S3P E2,Humanobservation,10/09/2025,Plantae,Rosales,Potentilla erecta,Tormentil,Species,1,25,Percentagecover,Present,N55  41.922,W005  17.005,,,,WGS84,SCO,
S3P F,S3P F1,Humanobservation,10/09/2025,Plantae,Poales,rdus stricta,Mat grass,Species,1,90,Percentagecover,Present,N55  41.902,W005  16.956,,,,WGS84,SCO,
S3P F,S3P F2,Humanobservation,10/09/2025,Plantae,Rosales,Potentilla erecta,Tormentil,Species,1,15,Percentagecover,Present,N55  41.902,W005  16.956,,,,WGS84,SCO,
S3P F,S3P F3,Humanobservation,10/09/2025,Plantae,Poales,Deschampsia cespitosa,Tufted hairgrass,Species,1,20,Percentagecover,Present,N55  41.902,W005  16.956,,,,WGS84,SCO,
S3P F,S3P F4,Humanobservation,10/09/2025,Plantae,Poales,Holcus latus,Yorkshire fog,Species,1,15,Percentagecover,Present,N55  41.902,W005  16.956,,,,WGS84,SCO,
S3P G,S3P G1,Humanobservation,10/09/2025,Plantae,Poales,Carex,Sedge,Genus,1,20,Percentagecover,Present,N55  41.907,W005  16.884,,,,WGS84,SCO,
S3P G,S3P G2,Humanobservation,10/09/2025,Plantae,Poales,Juncus effusus,Soft rush,Species,1,30,Percentagecover,Present,N55  41.907,W005  16.884,,,,WGS84,SCO,
S3P G,S3P G3,Humanobservation,10/09/2025,Plantae,Poales,Deschampsia cespitosa,Tufted hairgrass,Species,1,20,Percentagecover,Present,N55  41.907,W005  16.884,,,,WGS84,SCO,
S3P H,S3P H1,Humanobservation,10/09/2025,Plantae,Rosales,Potentilla erecta,Tormentil,Species,1,50,Percentagecover,Present,N55  41.862,W005  16.861,,,,WGS84,SCO,
S3P H,S3P H2,Humanobservation,10/09/2025,Plantae,Poales,rdus stricta,Mat grass,Species,1,80,Percentagecover,Present,N55  41.862,W005  16.861,,,,WGS84,SCO,
S3P H,S3P H3,Humanobservation,10/09/2025,Plantae,Poales,Carex,Sedge,Genus,1,5,Percentagecover,Present,N55  41.862,W005  16.861,,,,WGS84,SCO,
S3P I,S3P I1,Humanobservation,10/09/2025,Plantae,Polypodiales,Pteridium aquilinum,Bracken,Species,1,15,Percentagecover,Present,N55  41.843,W005  16.821,,,,WGS84,SCO,
S3P I,S3P I2,Humanobservation,10/09/2025,Plantae,Poales,rdus stricta,Mat grass,Species,1,100,Percentagecover,Present,N55  41.843,W005  16.821,,,,WGS84,SCO,
S3P J,S3P J1,Humanobservation,10/09/2025,Plantae,Fagales,Myrica gale,Bog myrtle,Species,1,10,Percentagecover,Present,N55  41.828,W005  16.810,,,,WGS84,SCO,
S3P J,S3P J2,Humanobservation,10/09/2025,Plantae,Sphagles,Sphagnum,Sphagnum moss,Genus,1,5,Percentagecover,Present,N55  41.828,W005  16.810,,,,WGS84,SCO,
S3P J,S3P J3,Humanobservation,10/09/2025,Plantae,Poales,Carex,Sedge,Genus,1,60,Percentagecover,Present,N55  41.828,W005  16.810,,,,WGS84,SCO,
S3P J,S3P J4,Humanobservation,10/09/2025,Plantae,Poales,Holcus latus,Yorkshire fog,Species,1,3,Percentagecover,Present,N55  41.828,W005  16.810,,,,WGS84,SCO,
S1P A,S1P A1,Humanobservation,11/09/2025,Plantae,Poales,rdus stricta,Mat grass,Species,1,100,Percentagecover,Present,N55  41.870,W005  17.278,,,,WGS84,SCO,
S1P A,S1P A2,Humanobservation,11/09/2025,Plantae,Rosales,Potentilla erecta,Tormentil,Species,1,30,Percentagecover,Present,N55  41.870,W005  17.278,,,,WGS84,SCO,
S1P A,S1P A3,Humanobservation,11/09/2025,Plantae,Gentiales,Galium saxatile,Heath bedstraw,Species,1,40,Percentagecover,Present,N55  41.870,W005  17.278,,,,WGS84,SCO,
S1P A,S1P A4,Humanobservation,11/09/2025,Plantae,Poales,Holcus latus,Yorkshire fog,Species,1,5,Percentagecover,Present,N55  41.870,W005  17.278,,,,WGS84,SCO,
S1P B,S1P B1,Humanobservation,11/09/2025,Plantae,Poales,rdus stricta,Mat grass,Species,1,100,Percentagecover,Present,N55  41.857,W005  17.272,,,,WGS84,SCO,
S1P B,S1P B2,Humanobservation,11/09/2025,Plantae,Rosales,Potentilla erecta,Tormentil,Species,1,5,Percentagecover,Present,N55  41.857,W005  17.272,,,,WGS84,SCO,
S1P C,S1P C1,Humanobservation,11/09/2025,Plantae,Polypodiales,Pteridium aquilinum,Bracken,Species,1,80,Percentagecover,Present,N55  41.839,W005  17.280,,,,WGS84,SCO,
S1P C,S1P C2,Humanobservation,11/09/2025,Plantae,Poales,rdus stricta,Mat grass,Species,1,100,Percentagecover,Present,N55  41.839,W005  17.280,,,,WGS84,SCO,
S1P C,S1P C3,Humanobservation,11/09/2025,Plantae,Hyples,Rhytidiadelphus triquetrus,Big shaggy-moss,Species,1,20,Percentagecover,Present,N55  41.839,W005  17.280,,,,WGS84,SCO,
S1P D,S1P D1,Humanobservation,11/09/2025,Plantae,Polypodiales,Pteridium aquilinum,Bracken,Species,1,15,Percentagecover,Present,N55  41.825,W005  17.275,,,,WGS84,SCO,
S1P D,S1P D2,Humanobservation,11/09/2025,Plantae,Poales,rdus stricta,Mat grass,Species,1,80,Percentagecover,Present,N55  41.825,W005  17.275,,,,WGS84,SCO,
S1P D,S1P D3,Humanobservation,11/09/2025,Plantae,Rosales,Potentilla erecta,Tormentil,Species,1,5,Percentagecover,Present,N55  41.825,W005  17.275,,,,WGS84,SCO,
S1P E,S1P E1,Humanobservation,11/09/2025,Plantae,Polypodiales,Pteridium aquilinum,Bracken,Species,1,25,Percentagecover,Present,N55  41.809,W005  17.269,,,,WGS84,SCO,
S1P E,S1P E2,Humanobservation,11/09/2025,Plantae,Poales,rdus stricta,Mat grass,Species,1,90,Percentagecover,Present,N55  41.809,W005  17.269,,,,WGS84,SCO,
S1P E,S1P E3,Humanobservation,11/09/2025,Plantae,Rosales,Urtica dioica,Common nettle,Species,1,5,Percentagecover,Present,N55  41.809,W005  17.269,,,,WGS84,SCO,
S1P F,S1P F1,Humanobservation,11/09/2025,Plantae,Poales,rdus stricta,Mat grass,Species,1,20,Percentagecover,Present,N55  41.793,W005  17.255,,,,WGS84,SCO,
S1P F,S1P F2,Humanobservation,11/09/2025,Plantae,Malpighiales,Viola palustris,Marsh violet,Species,1,8,Percentagecover,Present,N55  41.793,W005  17.255,,,,WGS84,SCO,
S1P F,S1P F3,Humanobservation,11/09/2025,Plantae,Polypodiales,Pteridium aquilinum,Bracken,Species,1,30,Percentagecover,Present,N55  41.793,W005  17.255,,,,WGS84,SCO,
S1P G,S1P G1,Humanobservation,11/09/2025,Plantae,Polypodiales,Pteridium aquilinum,Bracken,Species,1,5,Percentagecover,Present,N55  41.778,W005  17.249,,,,WGS84,SCO,
S1P G,S1P G2,Humanobservation,11/09/2025,Plantae,Rosales,Potentilla erecta,Tormentil,Species,1,5,Percentagecover,Present,N55  41.778,W005  17.249,,,,WGS84,SCO,
S1P G,S1P G3,Humanobservation,11/09/2025,Plantae,Poales,rdus stricta,Mat grass,Species,1,90,Percentagecover,Present,N55  41.778,W005  17.249,,,,WGS84,SCO,
S1P H,S1P H1,Humanobservation,11/09/2025,Plantae,Polypodiales,Pteridium aquilinum,Bracken,Species,1,35,Percentagecover,Present,N55  41.763,W005  17.235,,,,WGS84,SCO,
S1P H,S1P H2,Humanobservation,11/09/2025,Plantae,Malpighiales,Viola palustris,Marsh violet,Species,1,20,Percentagecover,Present,N55  41.763,W005  17.235,,,,WGS84,SCO,
S1P H,S1P H3,Humanobservation,11/09/2025,Plantae,Poales,rdus stricta,Mat grass,Species,1,100,Percentagecover,Present,N55  41.763,W005  17.235,,,,WGS84,SCO,
S1P H,S1P H4,Humanobservation,11/09/2025,Plantae,Rosales,Potentilla erecta,Tormentil,Species,1,5,Percentagecover,Present,N55  41.763,W005  17.235,,,,WGS84,SCO,
S1P H,S1P H5,Humanobservation,11/09/2025,Plantae,Gentiales,Galium saxatile,Heath bedstraw,Species,1,40,Percentagecover,Present,N55  41.763,W005  17.235,,,,WGS84,SCO,
S2P A,S2P A1,Humanobservation,11/09/2025,Plantae,Polypodiales,Pteridium aquilinum,Bracken,Species,1,70,Percentagecover,Present,N55  41.935,W005  17.240,,,,WGS84,SCO,
S2P A,S2P A2,Humanobservation,11/09/2025,Plantae,Poales,rdus stricta,Mat grass,Species,1,90,Percentagecover,Present,N55  41.935,W005  17.240,,,,WGS84,SCO,
S2P B,S2P B1,Humanobservation,11/09/2025,Plantae,Poales,Agrostis capillaris,Common bent,Species,1,5,Percentagecover,Present,N55  41.924,W005  17.220,,,,WGS84,SCO,
S2P B,S2P B2,Humanobservation,11/09/2025,Plantae,Poales,rdus stricta,Mat grass,Species,1,95,Percentagecover,Present,N55  41.924,W005  17.220,,,,WGS84,SCO,
S2P B,S2P B3,Humanobservation,11/09/2025,Plantae,Poales,Holcus latus,Yorkshire fog,Species,1,2,Percentagecover,Present,N55  41.924,W005  17.220,,,,WGS84,SCO,
S2P C,S2P C1,Humanobservation,11/09/2025,Plantae,Polypodiales,Pteridium aquilinum,Bracken,Species,1,30,Percentagecover,Present,N55  41.914,W005  17.203,,,,WGS84,SCO,
S2P C,S2P C2,Humanobservation,11/09/2025,Plantae,Poales,rdus stricta,Mat grass,Species,1,95,Percentagecover,Present,N55  41.914,W005  17.203,,,,WGS84,SCO,
S2P C,S2P C3,Humanobservation,11/09/2025,Plantae,Primulaceae,Primula vulgaris,Primrose,Species,1,10,Percentagecover,Present,N55  41.914,W005  17.203,,,,WGS84,SCO,
S2P C,S2P C4,Humanobservation,11/09/2025,Plantae,Gentiales,Galium saxatile,Heath bedstraw,Species,1,35,Percentagecover,Present,N55  41.914,W005  17.203,,,,WGS84,SCO,
S2P D,S2P D1,Humanobservation,11/09/2025,Plantae,Poales,rdus stricta,Mat grass,Species,1,100,Percentagecover,Present,N55  41.894,W005  17.194,,,,WGS84,SCO,
S2P D,S2P D2,Humanobservation,11/09/2025,Plantae,Hyples,Rhytidiadelphus triquetrus,Big shaggy-moss,Species,1,10,Percentagecover,Present,N55  41.894,W005  17.194,,,,WGS84,SCO,
S2P D,S2P D3,Humanobservation,11/09/2025,Plantae,Rosales,Potentilla erecta,Tormentil,Species,1,10,Percentagecover,Present,N55  41.894,W005  17.194,,,,WGS84,SCO,
S2P D,S2P D4,Humanobservation,11/09/2025,Plantae,Poales,Deschampsia cespitosa,Tufted hairgrass,Species,1,5,Percentagecover,Present,N55  41.894,W005  17.194,,,,WGS84,SCO,
S2P D,S2P D5,Humanobservation,11/09/2025,Plantae,Gentiales,Galium saxatile,Heath bedstraw,Species,1,10,Percentagecover,Present,N55  41.894,W005  17.194,,,,WGS84,SCO,
S2P D,S2P D6,Humanobservation,11/09/2025,Plantae,Poales,Holcus latus,Yorkshire fog,Species,1,5,Percentagecover,Present,N55  41.894,W005  17.194,,,,WGS84,SCO,
S2P E,S2P E1,Humanobservation,11/09/2025,Plantae,Poales,rdus stricta,Mat grass,Species,1,90,Percentagecover,Present,N55  41.881,W005  17.177,,,,WGS84,SCO,
S2P E,S2P E2,Humanobservation,11/09/2025,Plantae,Rosales,Potentilla erecta,Tormentil,Species,1,3,Percentagecover,Present,N55  41.881,W005  17.177,,,,WGS84,SCO,
S2P E,S2P E3,Humanobservation,11/09/2025,Plantae,Poales,Agrostis capillaris,Common bent,Species,1,5,Percentagecover,Present,N55  41.881,W005  17.177,,,,WGS84,SCO,
S2P E,S2P E4,Humanobservation,11/09/2025,Plantae,Poales,Holcus latus,Yorkshire fog,Species,1,5,Percentagecover,Present,N55  41.881,W005  17.177,,,,WGS84,SCO,
S2P E,S2P E5,Humanobservation,11/09/2025,Plantae,Gentiales,Galium saxatile,Heath bedstraw,Species,1,25,Percentagecover,Present,N55  41.881,W005  17.177,,,,WGS84,SCO,
S2P F,S2P F1,Humanobservation,11/09/2025,Plantae,Polytrichales,Polytrichum commune,Common haircap,Species,1,30,Percentagecover,Present,N55  41.867,W005  17.160,,,,WGS84,SCO,
S2P F,S2P F2,Humanobservation,11/09/2025,Plantae,Polypodiales,Pteridium aquilinum,Bracken,Species,1,15,Percentagecover,Present,N55  41.867,W005  17.160,,,,WGS84,SCO,
S2P F,S2P F3,Humanobservation,11/09/2025,Plantae,Rosales,Potentilla erecta,Tormentil,Species,1,15,Percentagecover,Present,N55  41.867,W005  17.160,,,,WGS84,SCO,
S2P F,S2P F4,Humanobservation,11/09/2025,Plantae,Poales,rdus stricta,Mat grass,Species,1,80,Percentagecover,Present,N55  41.867,W005  17.160,,,,WGS84,SCO,
S2P F,S2P F5,Humanobservation,11/09/2025,Plantae,Gentiales,Galium saxatile,Heath bedstraw,Species,1,10,Percentagecover,Present,N55  41.867,W005  17.160,,,,WGS84,SCO,
S2P G,S2P G1,Humanobservation,11/09/2025,Plantae,Poales,Agrostis capillaris,Common bent,Species,1,2,Percentagecover,Present,N55  41.857,W005  17.140,,,,WGS84,SCO,
S2P G,S2P G2,Humanobservation,11/09/2025,Plantae,Poales,Holcus latus,Yorkshire fog,Species,1,10,Percentagecover,Present,N55  41.857,W005  17.140,,,,WGS84,SCO,
S2P G,S2P G3,Humanobservation,11/09/2025,Plantae,Polypodiales,Pteridium aquilinum,Bracken,Species,1,3,Percentagecover,Present,N55  41.857,W005  17.140,,,,WGS84,SCO,
S2P G,S2P G4,Humanobservation,11/09/2025,Plantae,Rosales,Potentilla erecta,Tormentil,Species,1,3,Percentagecover,Present,N55  41.857,W005  17.140,,,,WGS84,SCO,
S2P G,S2P G5,Humanobservation,11/09/2025,Plantae,Poales,rdus stricta,Mat grass,Species,1,95,Percentagecover,Present,N55  41.857,W005  17.140,,,,WGS84,SCO,
S2P H,S2P H1,Humanobservation,11/09/2025,Plantae,Poales,Agrostis capillaris,Common bent,Species,1,1,Percentagecover,Present,N55  41.843,W005  17.134,,,,WGS84,SCO,
S2P H,S2P H2,Humanobservation,11/09/2025,Plantae,Poales,Holcus latus,Yorkshire fog,Species,1,5,Percentagecover,Present,N55  41.843,W005  17.134,,,,WGS84,SCO,
S2P H,S2P H3,Humanobservation,11/09/2025,Plantae,Rosales,Potentilla erecta,Tormentil,Species,1,20,Percentagecover,Present,N55  41.843,W005  17.134,,,,WGS84,SCO,
S2P H,S2P H4,Humanobservation,11/09/2025,Plantae,Polypodiales,Pteridium aquilinum,Bracken,Species,1,5,Percentagecover,Present,N55  41.843,W005  17.134,,,,WGS84,SCO,
S2P H,S2P H5,Humanobservation,11/09/2025,Plantae,Poales,rdus stricta,Mat grass,Species,1,95,Percentagecover,Present,N55  41.843,W005  17.134,,,,WGS84,SCO,
S2P H,S2P H6,Humanobservation,11/09/2025,Plantae,Poales,Carex,Sedge,Genus,1,15,Percentagecover,Present,N55  41.843,W005  17.134,,,,WGS84,SCO,
S2P I,S2P I1,Humanobservation,11/09/2025,Plantae,Polytrichales,Polytrichum commune,Common haircap,Species,1,25,Percentagecover,Present,N55  41.828,W005  17.120,,,,WGS84,SCO,
S2P I,S2P I2,Humanobservation,11/09/2025,Plantae,Rosales,Potentilla erecta,Tormentil,Species,1,15,Percentagecover,Present,N55  41.828,W005  17.120,,,,WGS84,SCO,
S2P I,S2P I3,Humanobservation,11/09/2025,Plantae,Poales,Carex,Sedge,Genus,1,2,Percentagecover,Present,N55  41.828,W005  17.120,,,,WGS84,SCO,
S2P I,S2P I4,Humanobservation,11/09/2025,Plantae,Poales,Holcus latus,Yorkshire fog,Species,1,5,Percentagecover,Present,N55  41.828,W005  17.120,,,,WGS84,SCO,
S2P I,S2P I5,Humanobservation,11/09/2025,Plantae,Poales,rdus stricta,Mat grass,Species,1,40,Percentagecover,Present,N55  41.828,W005  17.120,,,,WGS84,SCO,
S2P J,S2P J1,Humanobservation,11/09/2025,Plantae,Poales,Holcus latus,Yorkshire fog,Species,1,5,Percentagecover,Present,N55  41.817,W005  17.100,,,,WGS84,SCO,
S2P J,S2P J2,Humanobservation,11/09/2025,Plantae,Poales,Deschampsia cespitosa,Tufted hairgrass,Species,1,2,Percentagecover,Present,N55  41.817,W005  17.100,,,,WGS84,SCO,
S2P J,S2P J3,Humanobservation,11/09/2025,Plantae,Poales,Agrostis capillaris,Common bent,Species,1,2,Percentagecover,Present,N55  41.817,W005  17.100,,,,WGS84,SCO,
S2P J,S2P J4,Humanobservation,11/09/2025,Plantae,Poales,rdus stricta,Mat grass,Species,1,100,Percentagecover,Present,N55  41.817,W005  17.100,,,,WGS84,SCO,
S2P J,S2P J5,Humanobservation,11/09/2025,Plantae,Poales,Carex,Sedge,Genus,1,5,Percentagecover,Present,N55  41.817,W005  17.100,,,,WGS84,SCO,
SD4FI A,D4FI A1,Humanobservation,10/09/2025,Animalia,Oligochaeta,,Worm,Order,1,1,Individuals,Present,N55 41.854,W005 16.439,1,,,WGS84,GB,
SD4FI A,D4FI A2,Humanobservation,10/09/2025,Animalia,Diptera,,Blackfly larvae,Order,1,1,Individuals,Present,N55 41.854,W005 16.439,5,,,WGS84,GB,
SU4FI A,SU4FI A1,Humanobservation,10/09/2025,Animalia,Plecoptera,,Stonefly larvae,Order,8,8,Individuals,Present,N55 41.828,W005 16.382,7,,,WGS84,GB,
SU4FI A,SU4FI A2,Humanobservation,10/09/2025,Animalia,Coleoptera,,Waterbeetle larvae ,Order,1,1,Individuals,Present,N55 41.829,W005 16.383,5,,,WGS84,GB,
SU4FI A,SU4FI A3,Humanobservation,10/09/2025,Animalia,Coleoptera,,Waterbeetle ,Order,1,1,Individuals,Present,N55 41.830,W005 16.384,5,,,WGS84,GB,
SU4FI A,SU4F1 A4,Humanobservation,10/09/2025,Animalia,Trichoptera,,Caddisfly larvae,Order,1,1,Individuals,Present,N55 41.831,W005 16.385,10,,,WGS84,GB,
SU4FI A,SU4F1 A5,Humanobservation,10/09/2025,Animalia,Ephemeropltera ,,Mayfly larvae,Order,2,2,Individuals,Present,N55 41.832,W005 16.386,10,,,WGS84,GB,
NU4FI A,NU4FI W1,Humanobservation,11/09/2025,Animalia,Trichoptera,Hydropsychidae,Caddisfly larvae,Family,1,1,Individuals,Present,N55 42.464,W005 17.036,5,,,WGS84,GB,
NU4FI A,NU4FI W2,Humanobservation,11/09/2025,Animalia,Coleoptera,,Waterbeetle ,Order,3,3,Individuals,Present,N55 42.464,W005 17.036,5,,,WGS84,GB,
NU4FI A,NU4FI W3,Humanobservation,11/09/2025,Animalia,Oligochaeta,,Worm,Order,1,1,Individuals,Present,N55 42.464,W005 17.036,1,,,WGS84,GB,
NU4FI A,NU4FI W4,Humanobservation,11/09/2025,Animalia,Trichoptera,Philopotamidae,Caseless caddisfly larvae,Family,4,4,Individuals,Present,N55 42.464,W005 17.036,10,,,WGS84,GB,
NU4FI A,NU4FI W5,Humanobservation,11/09/2025,Animalia,Trichoptera,,Cased caddisfly larvae,Order,3,3,Individuals,Present,N55 42.464,W005 17.036,10,,,WGS84,GB,
NU4FI A,NU4FI W6,Humanobservation,11/09/2025,Animalia,Odota,anisoptera,Dragonfly larvae,Family,1,1,Individuals,Present,N55 42.464 ,W005 17.036,,,,WGS84,GB,
ND4FI A,ND4FI W1,Humanobservation,11/09/2025,Animalia,Plecoptera,,Stonefly larvae,Order,4,4,Individuals,Present,N55 42.444,W005 17.068,7,,,WGS84,GB,
ND4FI A,ND4FI W2,Humanobservation,11/09/2025,Animalia,Ephemeroptera,,Mayfly larvae,Order,2,2,Individuals,Present,N55 42.444,W005 17.068,10,,,WGS84,GB,
ND4FI A,ND4FI W3,Humanobservation,11/09/2025,Animalia,Coleoptera,,Waterbeetle ,Order,1,1,Individuals,Present,N55 42.444,W005 17.068,5,,,WGS84,GB,
ND4FI A,ND4FI W4,Humanobservation,11/09/2025,Animalia,Oligochaeta,,Worm,Order,2,2,Individuals,Present,N55 42.444,W005 17.068,1,,,WGS84,GB,
ND4FI B,ND4FI E1,Humanobservation,12/09/2025,Animalia,Odota,anisoptera,Dragonfly larvae,Family,1,1,Individuals,Present,N55 42.174,W005 15.983,,,,WGS84,GB,
ND4FI B,ND4FI E2,Humanobservation,12/09/2025,Animalia,Oligochaeta,,Worm,Order,3,3,Individuals,Present,N55 42.174,W005 15.983,1,,,WGS84,GB,
ND4FI B,ND4FI E3,Humanobservation,12/09/2025,Animalia,Plecoptera,,Stonefly larvae,Order,1,1,Individuals,Present,N55 42.174,W005 15.983,7,,,WGS84,GB,
ND4FI B,ND4FI E4,Humanobservation,12/09/2025,Animalia,Ephemeroptera,,Mayfly larvae,Order,3,3,Individuals,Present,N55 42.174,W005 15.983,10,,,WGS84,GB,
ND4FI B,ND4FI E5,Humanobservation,12/09/2025,Animalia,Coleoptera,,Waterbeetle larvae,Order,1,1,Individuals,Present,N55 42.174,W005 15.983,5,,,WGS84,GB,
ND4FI B,ND4FI E6,Humanobservation,12/09/2025,Animalia,Trichoptera,,Cased caddisfly larvae,Order,2,2,Individuals,Present,N55 42.174,W005 15.983,10,,,WGS84,GB,
NU4FI B,NU4FI E1,Humanobservation,12/09/2025,Animalia,Plecoptera,,Stonefly larvae,Order,2,2,Individuals,Present,N55 42.261,W005 16.032,7,,,WGS84,GB,
NU4FI B,NU4FI E2,Humanobservation,12/09/2025,Animalia,Ephemeroptera,,Mayfly larvae,Order,1,1,Individuals,Present,N55 42.261,W005 16.032,10,,,WGS84,GB,
NU4FI B,NU4FI E3,Humanobservation,12/09/2025,Animalia,Oligochaeta,,Worm,Order,1,1,Individuals,Present,N55 42.261,W005 16.032,1,,,WGS84,GB,
SD4FI B,SD4FI B1,Humanobservation,11/09/2025,Animalia,Coleoptera,dytiscidae,Diving beetle,Family,1,1,Individuals,Present,N55 42.261,W005 16.032,5,,,WGS84,GB,
SD4FI B,SD4FI B2,Humanobservation,11/09/2025,Animalia,Hemiptera,Corixidae,Lesser Water Boatman,Family,4,4,Individuals,Present,N55 41.802,W005 16.876,,,,WGS84,GB,
SD4FI B,SD4FI B3,Humanobservation,11/09/2025,Animalia,Odota,zygoptera ,Damselfly larvae,Suborder,2,2,Individuals,Present,N55 41.802,W005 16.876,,,,WGS84,GB,
SD4FI B,SD4FI B4,Humanobservation,11/09/2025,Animalia,Odota,anisoptera,Dragonfly larvae,Infraorder,3,3,Individuals,Present,N55 41.802,W005 16.876,,,,WGS84,GB,
SD4FI B,SD4FI B5,Humanobservation,11/09/2025,Animalia,Hemiptera,Notonectidae,Greater Water Boatman,Family,2,2,Individuals,Present,N55 41.802,W005 16.876,,,,WGS84,GB,
SU4FI B,SU4FI B1,Humanobservation,11/09/2025,Animalia,Ephemeroptera,,Mayfly larvae,Order,2,2,Individuals,Present,,,10,,,WGS84,GB,
SU4FI B,SU4FI B2,Humanobservation,11/09/2025,Animalia,Plecoptera,,Stonefly larvae,Order,1,1,Individuals,Present,,,7,,,WGS84,GB,
SU4FI B,SU4FI B3,Humanobservation,11/09/2025,Animalia,Trichoptera,,Caddisfly case,Order,1,1,Individuals,Present,,,10,,,WGS84,GB,
SU4FI B,SU4FI B4,Humanobservation,11/09/2025,Animalia,Diptera,simuliidae,Blackfly larvae,Family,1,1,Individuals,Present,,,1,,,WGS84,GB,
